<?xml version="1.0" encoding="UTF-8"?>

<Organization xmlns="http://hl7.org/fhir">
  <id value="ConnHIE"/>
  <meta>
    <lastUpdated value="2020-07-07T13:26:22.0314215+00:00"/>
    <profile value="http://hl7.org/fhir/us/national-healthcare-directory/StructureDefinition/NatlDir-Organization"/>
  </meta>
  <language value="en-US"/>
  <text>
    <status value="generated"/><div xmlns="http://www.w3.org/1999/xhtml" xml:lang="en-US" lang="en-US"><p><b>Generated Narrative</b></p><p><b>active</b>: true</p><p><b>type</b>: <span title="Codes: {http://hl7.org/fhir/us/national-healthcare-directory/CodeSystem/OrgTypeCS atyprv}">Atypical Provider</span></p><p><b>name</b>: Connecticut HIE</p><p><b>telecom</b>: ph: (111)-222-3333, <a href="https://www.connhie.com">https://www.connhie.com</a></p><p><b>address</b>: 123 Main Street Anytown CT 00014-1234 </p><h3>Contacts</h3><table class="grid"><tr><td>-</td><td><b>Telecom</b></td></tr><tr><td>*</td><td>ph: (111)-222-3333</td></tr></table></div>
  </text>
  <active value="true"/>
  <type>
    <coding>
      <system value="http://hl7.org/fhir/us/national-healthcare-directory/CodeSystem/OrgTypeCS"/>
      <code value="atyprv"/>
      <display value="Atypical Provider"/>
    </coding>
  </type>
  <name value="Connecticut HIE"/>
  <telecom>
    <system value="phone"/>
    <value value="(111)-222-3333"/>
    <rank value="2"/>
  </telecom>
  <telecom>
    <system value="url"/>
    <value value="https://www.connhie.com"/>
    <rank value="1"/>
  </telecom>
  <address>
    <line value="123 Main Street"/>
    <city value="Anytown"/>
    <state value="CT"/>
    <postalCode value="00014-1234"/>
  </address>
  <contact>
    <telecom>
      <system value="phone"/>
      <value value="(111)-222-3333"/>
      <rank value="1"/>
    </telecom>
  </contact>
</Organization>