<?xml version="1.0" encoding="UTF-8"?><CodeSystem xmlns="http://hl7.org/fhir"><id value="EndpointConnectionTypeCS"/><text><status value="generated"/><div xmlns="http://www.w3.org/1999/xhtml"><p>This code system http://hl7.org/fhir/us/national-healthcare-directory/CodeSystem/EndpointConnectionTypeCS defines the following codes:</p><table class="codes"><tr><td style="white-space:nowrap"><b>Code</b></td><td><b>Display</b></td><td><b>Definition</b></td></tr><tr><td style="white-space:nowrap">hl7-fhir-opn<a name="EndpointConnectionTypeCS-hl7-fhir-opn"> </a></td><td>HL7 FHIR Operation</td><td>Interact with a FHIR server interface using FHIR&#39;s RESTful interface using an operation other than messaging. For details on its version/capabilities you should connect the value in Endpoint.address and retrieve the FHIR CapabilityStatement.</td></tr><tr><td style="white-space:nowrap">rest-non-fhir<a name="EndpointConnectionTypeCS-rest-non-fhir"> </a></td><td>REST (not FHIR)</td><td>Interact with a server using HTTP/REST but not FHIR.  Should be used for web portals.</td></tr></table></div></text><url value="http://hl7.org/fhir/us/national-healthcare-directory/CodeSystem/EndpointConnectionTypeCS"/><version value="0.0.1"/><name value="EndpointConnectionTypeCS"/><title value="Endpoint Connection Types (additional)"/><status value="active"/><date value="2021-11-17T10:46:00-05:00"/><publisher value="HL7 Patient Administration Working Group"/><contact><name value="HL7 Patient Administration Working Group"/><telecom><system value="url"/><value value="https://www.hl7.org/Special/committees/pafm/index.cfm"/></telecom><telecom><system value="email"/><value value="pafm@lists.HL7.org"/></telecom></contact><description value="Extension codes for http://terminology.hl7.org/CodeSystem/endpoint-connection-type"/><jurisdiction><coding><system value="urn:iso:std:iso:3166"/><code value="US"/></coding></jurisdiction><content value="complete"/><count value="2"/><concept><code value="hl7-fhir-opn"/><display value="HL7 FHIR Operation"/><definition value="Interact with a FHIR server interface using FHIR&#39;s RESTful interface using an operation other than messaging. For details on its version/capabilities you should connect the value in Endpoint.address and retrieve the FHIR CapabilityStatement."/></concept><concept><code value="rest-non-fhir"/><display value="REST (not FHIR)"/><definition value="Interact with a server using HTTP/REST but not FHIR.  Should be used for web portals."/></concept></CodeSystem>