<?xml version="1.0" encoding="UTF-8"?><SearchParameter xmlns="http://hl7.org/fhir"><id value="location-partof"/><url value="http://hl7.org/fhir/us/davinci-pdex-NatlDir/SearchParameter/location-partof"/><version value="1.0.0"/><name value="NatlDir_sp_location_partof"/><derivedFrom value="http://hl7.org/fhir/SearchParameter/Location-partof"/><status value="active"/><date value="2018-05-23T00:00:00+00:00"/><publisher value="HL7 Patient Administration Working Group"/><contact><name value="HL7 Patient Administration Working Group"/><telecom><system value="url"/><value value="https://www.hl7.org/Special/committees/pafm/index.cfm"/></telecom><telecom><system value="email"/><value value="pafm@lists.HL7.org"/></telecom></contact><description value="Select Locations that are part of the specified location"/><jurisdiction><coding><system value="urn:iso:std:iso:3166"/><code value="US"/></coding></jurisdiction><code value="partof"/><base value="Location"/><type value="reference"/><expression value="Location.partOf"/><target value="Location"/><multipleOr value="true"/><multipleAnd value="true"/><chain value="type"/><chain value="address"/><chain value="organization"/></SearchParameter>