<?xml version="1.0" encoding="UTF-8"?><SearchParameter xmlns="http://hl7.org/fhir"><id value="organizationaffiliation-service"/><url value="http://hl7.org/fhir/us/davinci-pdex-NatlDir/SearchParameter/organizationaffiliation-service"/><version value="1.0.0"/><name value="NatlDir_sp_organizationaffiliation_service"/><derivedFrom value="http://hl7.org/fhir/SearchParameter/OrganizationAffiliation-service"/><status value="active"/><date value="2018-05-23T00:00:00+00:00"/><publisher value="HL7 Patient Administration Working Group"/><contact><name value="HL7 Patient Administration Working Group"/><telecom><system value="url"/><value value="https://www.hl7.org/Special/committees/pafm/index.cfm"/></telecom><telecom><system value="email"/><value value="pafm@lists.HL7.org"/></telecom></contact><description value="Select OrganizationAffiliations providing the specified service"/><jurisdiction><coding><system value="urn:iso:std:iso:3166"/><code value="US"/></coding></jurisdiction><code value="service"/><base value="OrganizationAffiliation"/><type value="reference"/><expression value="OrganizationAffiliation.healthcareService"/><target value="HealthcareService"/><multipleOr value="true"/><multipleAnd value="true"/><chain value="service-category"/><chain value="organization"/><chain value="location"/></SearchParameter>