<?xml version="1.0" encoding="UTF-8"?><SearchParameter xmlns="http://hl7.org/fhir"><id value="location-address-city"/><url value="http://hl7.org/fhir/us/davinci-pdex-NatlDir/SearchParameter/location-address-city"/><version value="1.0.0"/><name value="NatlDir_sp_location_address_city"/><derivedFrom value="http://hl7.org/fhir/SearchParameter/Location-address-city"/><status value="active"/><date value="2018-05-23T00:00:00+00:00"/><publisher value="HL7 Patient Administration Working Group"/><contact><name value="HL7 Patient Administration Working Group"/><telecom><system value="url"/><value value="https://www.hl7.org/Special/committees/pafm/index.cfm"/></telecom><telecom><system value="email"/><value value="pafm@lists.HL7.org"/></telecom></contact><description value="Select Locations with the specified address.city"/><jurisdiction><coding><system value="urn:iso:std:iso:3166"/><code value="US"/></coding></jurisdiction><code value="address-city"/><base value="Location"/><type value="string"/><expression value="Location.address.city"/><multipleOr value="true"/><multipleAnd value="true"/><modifier value="exact"/><modifier value="contains"/></SearchParameter>