<?xml version="1.0" encoding="UTF-8"?><SearchParameter xmlns="http://hl7.org/fhir"><id value="practitionerrole-network"/><url value="http://hl7.org/fhir/us/davinci-pdex-NatlDir/SearchParameter/practitionerrole-network"/><version value="1.0.0"/><name value="NatlDir_sp_practitionerrole_network"/><status value="active"/><date value="2018-05-23T00:00:00+00:00"/><publisher value="HL7 Patient Administration Working Group"/><contact><name value="HL7 Patient Administration Working Group"/><telecom><system value="url"/><value value="https://www.hl7.org/Special/committees/pafm/index.cfm"/></telecom><telecom><system value="email"/><value value="pafm@lists.HL7.org"/></telecom></contact><description value="Select roles where the practitioner is a member of the specified health insurance provider network"/><jurisdiction><coding><system value="urn:iso:std:iso:3166"/><code value="US"/></coding></jurisdiction><code value="network"/><base value="PractitionerRole"/><type value="reference"/><expression value="PractitionerRole.extension.where(url=&#39;http://hl7.org/fhir/us/davinci-pdex-NatlDir/StructureDefinition/network-reference&#39;)"/><target value="Organization"/><multipleOr value="true"/><multipleAnd value="true"/><chain value="name"/><chain value="address"/><chain value="partof"/><chain value="type"/></SearchParameter>