<?xml version="1.0" encoding="UTF-8"?><SearchParameter xmlns="http://hl7.org/fhir"><id value="healthcareservice-coverage-area"/><url value="http://hl7.org/fhir/us/davinci-pdex-NatlDir/SearchParameter/healthcareservice-coverage-area"/><version value="1.0.0"/><name value="NatlDir_sp_healthcareservice_coverage_area"/><derivedFrom value="http://hl7.org/fhir/SearchParameter/HealthcareService-coverage-area"/><status value="active"/><date value="2018-05-23T00:00:00+00:00"/><publisher value="HL7 Patient Administration Working Group"/><contact><name value="HL7 Patient Administration Working Group"/><telecom><system value="url"/><value value="https://www.hl7.org/Special/committees/pafm/index.cfm"/></telecom><telecom><system value="email"/><value value="pafm@lists.HL7.org"/></telecom></contact><description value="Select services available in a region described by the specified location"/><jurisdiction><coding><system value="urn:iso:std:iso:3166"/><code value="US"/></coding></jurisdiction><code value="coverage-area"/><base value="HealthcareService"/><type value="reference"/><expression value="HealthcareService.coverageArea"/><target value="Location"/><multipleOr value="true"/><multipleAnd value="true"/></SearchParameter>