<?xml version="1.0" encoding="UTF-8"?><SearchParameter xmlns="http://hl7.org/fhir"><id value="organizationaffiliation-primary-organization"/><url value="http://hl7.org/fhir/us/davinci-pdex-NatlDir/SearchParameter/organizationaffiliation-primary-organization"/><version value="1.0.0"/><name value="NatlDir_sp_organizationaffiliation_primary_organization"/><derivedFrom value="http://hl7.org/fhir/SearchParameter/OrganizationAffiliation-primary-organization"/><status value="active"/><date value="2018-05-23T00:00:00+00:00"/><publisher value="HL7 Patient Administration Working Group"/><contact><name value="HL7 Patient Administration Working Group"/><telecom><system value="url"/><value value="https://www.hl7.org/Special/committees/pafm/index.cfm"/></telecom><telecom><system value="email"/><value value="pafm@lists.HL7.org"/></telecom></contact><description value="Select roles offered by the specified organization"/><jurisdiction><coding><system value="urn:iso:std:iso:3166"/><code value="US"/></coding></jurisdiction><code value="primary-organization"/><base value="OrganizationAffiliation"/><type value="reference"/><expression value="OrganizationAffiliation.organization"/><target value="Organization"/><multipleOr value="true"/><multipleAnd value="true"/><chain value="type"/><chain value="address"/><chain value="name"/><chain value="partof"/></SearchParameter>