<?xml version="1.0" encoding="UTF-8"?><SearchParameter xmlns="http://hl7.org/fhir"><id value="insuranceplan-plan-type"/><url value="http://hl7.org/fhir/us/davinci-pdex-NatlDir/SearchParameter/insuranceplan-plan-type"/><version value="1.0.0"/><name value="NatlDir_sp_insuranceplan_plan_type"/><status value="active"/><date value="2018-05-23T00:00:00+00:00"/><publisher value="HL7 Patient Administration Working Group"/><contact><name value="HL7 Patient Administration Working Group"/><telecom><system value="url"/><value value="https://www.hl7.org/Special/committees/pafm/index.cfm"/></telecom><telecom><system value="email"/><value value="pafm@lists.HL7.org"/></telecom></contact><description value="Select plans of the specified type"/><jurisdiction><coding><system value="urn:iso:std:iso:3166"/><code value="US"/></coding></jurisdiction><code value="plan-type"/><base value="InsurancePlan"/><type value="token"/><expression value="InsurancePlan.plan.type"/><multipleOr value="true"/><multipleAnd value="true"/><modifier value="text"/></SearchParameter>