<?xml version="1.0" encoding="UTF-8"?><ValueSet xmlns="http://hl7.org/fhir"><id value="HealthcareServiceCategoryVS"/><text><status value="generated"/><div xmlns="http://www.w3.org/1999/xhtml"><ul><li>Include all codes defined in <a href="CodeSystem-HealthcareServiceCategoryCS.html"><code>http://hl7.org/fhir/us/national-healthcare-directory/CodeSystem/HealthcareServiceCategoryCS</code></a></li></ul></div></text><url value="http://hl7.org/fhir/us/national-healthcare-directory/ValueSet/HealthcareServiceCategoryVS"/><version value="0.0.1"/><name value="HealthcareServiceCategoryVS"/><title value="Healthcare Service Category"/><status value="active"/><date value="2021-11-17T10:46:00-05:00"/><publisher value="HL7 Patient Administration Working Group"/><contact><name value="HL7 Patient Administration Working Group"/><telecom><system value="url"/><value value="https://www.hl7.org/Special/committees/pafm/index.cfm"/></telecom><telecom><system value="email"/><value value="pafm@lists.HL7.org"/></telecom></contact><description value="Broad categories of healthcare services being performed or delivered."/><jurisdiction><coding><system value="urn:iso:std:iso:3166"/><code value="US"/></coding></jurisdiction><compose><include><system value="http://hl7.org/fhir/us/national-healthcare-directory/CodeSystem/HealthcareServiceCategoryCS"/></include></compose></ValueSet>