[
  {
    "id": "NatlDir",
    "type": "CapabilityStatement",
    "url": "http://hl7.org/fhir/us/davinci-pdex-NatlDir/CapabilityStatement/NatlDir",
    "version": "1.0.0",
    "name": "DavinciPdexNatlDirCapabilityStatement"
  },
  {
    "id": "endpoint-organization",
    "type": "SearchParameter",
    "url": "http://hl7.org/fhir/us/davinci-pdex-NatlDir/SearchParameter/endpoint-organization",
    "version": "1.0.0",
    "name": "NatlDir_sp_endpoint_organization"
  },
  {
    "id": "healthcareservice-coverage-area",
    "type": "SearchParameter",
    "url": "http://hl7.org/fhir/us/davinci-pdex-NatlDir/SearchParameter/healthcareservice-coverage-area",
    "version": "1.0.0",
    "name": "NatlDir_sp_healthcareservice_coverage_area"
  },
  {
    "id": "healthcareservice-endpoint",
    "type": "SearchParameter",
    "url": "http://hl7.org/fhir/us/davinci-pdex-NatlDir/SearchParameter/healthcareservice-endpoint",
    "version": "1.0.0",
    "name": "NatlDir_sp_healthcareservice_endpoint"
  },
  {
    "id": "healthcareservice-location",
    "type": "SearchParameter",
    "url": "http://hl7.org/fhir/us/davinci-pdex-NatlDir/SearchParameter/healthcareservice-location",
    "version": "1.0.0",
    "name": "NatlDir_sp_healthcareservice_location"
  },
  {
    "id": "healthcareservice-name",
    "type": "SearchParameter",
    "url": "http://hl7.org/fhir/us/davinci-pdex-NatlDir/SearchParameter/healthcareservice-name",
    "version": "1.0.0",
    "name": "NatlDir_sp_healthcareservice_name"
  },
  {
    "id": "healthcareservice-organization",
    "type": "SearchParameter",
    "url": "http://hl7.org/fhir/us/davinci-pdex-NatlDir/SearchParameter/healthcareservice-organization",
    "version": "1.0.0",
    "name": "NatlDir_sp_healthcareservice_organization"
  },
  {
    "id": "healthcareservice-service-category",
    "type": "SearchParameter",
    "url": "http://hl7.org/fhir/us/davinci-pdex-NatlDir/SearchParameter/healthcareservice-service-category",
    "version": "1.0.0",
    "name": "NatlDir_sp_healthcareservice_category"
  },
  {
    "id": "healthcareservice-service-type",
    "type": "SearchParameter",
    "url": "http://hl7.org/fhir/us/davinci-pdex-NatlDir/SearchParameter/healthcareservice-service-type",
    "version": "1.0.0",
    "name": "NatlDir_sp_healthcareservice_type"
  },
  {
    "id": "healthcareservice-specialty",
    "type": "SearchParameter",
    "url": "http://hl7.org/fhir/us/davinci-pdex-NatlDir/SearchParameter/healthcareservice-specialty",
    "version": "1.0.0",
    "name": "NatlDir_sp_healthcareservice_specialty"
  },
  {
    "id": "insuranceplan-administered-by",
    "type": "SearchParameter",
    "url": "http://hl7.org/fhir/us/davinci-pdex-NatlDir/SearchParameter/insuranceplan-administered-by",
    "version": "1.0.0",
    "name": "NatlDir_sp_insuranceplan_administered_by"
  },
  {
    "id": "insuranceplan-coverage-area",
    "type": "SearchParameter",
    "url": "http://hl7.org/fhir/us/davinci-pdex-NatlDir/SearchParameter/insuranceplan-coverage-area",
    "version": "1.0.0",
    "name": "NatlDir_sp_insuranceplan_coverage_area"
  },
  {
    "id": "insuranceplan-identifier",
    "type": "SearchParameter",
    "url": "http://hl7.org/fhir/us/davinci-pdex-NatlDir/SearchParameter/insuranceplan-identifier",
    "version": "1.0.0",
    "name": "NatlDir_sp_insuranceplan_identifier"
  },
  {
    "id": "insuranceplan-name",
    "type": "SearchParameter",
    "url": "http://hl7.org/fhir/us/davinci-pdex-NatlDir/SearchParameter/insuranceplan-name",
    "version": "1.0.0",
    "name": "NatlDir_sp_insuranceplan_name"
  },
  {
    "id": "insuranceplan-owned-by",
    "type": "SearchParameter",
    "url": "http://hl7.org/fhir/us/davinci-pdex-NatlDir/SearchParameter/insuranceplan-owned-by",
    "version": "1.0.0",
    "name": "NatlDir_sp_insuranceplan_owned_by"
  },
  {
    "id": "insuranceplan-plan-type",
    "type": "SearchParameter",
    "url": "http://hl7.org/fhir/us/davinci-pdex-NatlDir/SearchParameter/insuranceplan-plan-type",
    "version": "1.0.0",
    "name": "NatlDir_sp_insuranceplan_plan_type"
  },
  {
    "id": "insuranceplan-type",
    "type": "SearchParameter",
    "url": "http://hl7.org/fhir/us/davinci-pdex-NatlDir/SearchParameter/insuranceplan-type",
    "version": "1.0.0",
    "name": "NatlDir_sp_insuranceplan_type"
  },
  {
    "id": "location-address",
    "type": "SearchParameter",
    "url": "http://hl7.org/fhir/us/davinci-pdex-NatlDir/SearchParameter/location-address",
    "version": "1.0.0",
    "name": "NatlDir_sp_location_address"
  },
  {
    "id": "location-address-city",
    "type": "SearchParameter",
    "url": "http://hl7.org/fhir/us/davinci-pdex-NatlDir/SearchParameter/location-address-city",
    "version": "1.0.0",
    "name": "NatlDir_sp_location_address_city"
  },
  {
    "id": "location-address-postalcode",
    "type": "SearchParameter",
    "url": "http://hl7.org/fhir/us/davinci-pdex-NatlDir/SearchParameter/location-address-postalcode",
    "version": "1.0.0",
    "name": "NatlDir_sp_location_address_postalcode"
  },
  {
    "id": "location-address-state",
    "type": "SearchParameter",
    "url": "http://hl7.org/fhir/us/davinci-pdex-NatlDir/SearchParameter/location-address-state",
    "version": "1.0.0",
    "name": "NatlDir_sp_location_address_state"
  },
  {
    "id": "location-endpoint",
    "type": "SearchParameter",
    "url": "http://hl7.org/fhir/us/davinci-pdex-NatlDir/SearchParameter/location-endpoint",
    "version": "1.0.0",
    "name": "NatlDir_sp_location_endpoint"
  },
  {
    "id": "location-organization",
    "type": "SearchParameter",
    "url": "http://hl7.org/fhir/us/davinci-pdex-NatlDir/SearchParameter/location-organization",
    "version": "1.0.0",
    "name": "NatlDir_sp_location_organization"
  },
  {
    "id": "location-partof",
    "type": "SearchParameter",
    "url": "http://hl7.org/fhir/us/davinci-pdex-NatlDir/SearchParameter/location-partof",
    "version": "1.0.0",
    "name": "NatlDir_sp_location_partof"
  },
  {
    "id": "location-type",
    "type": "SearchParameter",
    "url": "http://hl7.org/fhir/us/davinci-pdex-NatlDir/SearchParameter/location-type",
    "version": "1.0.0",
    "name": "NatlDir_sp_location_type"
  },
  {
    "id": "organization-address",
    "type": "SearchParameter",
    "url": "http://hl7.org/fhir/us/davinci-pdex-NatlDir/SearchParameter/organization-address",
    "version": "1.0.0",
    "name": "NatlDir_sp_organization_address"
  },
  {
    "id": "organization-coverage-area",
    "type": "SearchParameter",
    "url": "http://hl7.org/fhir/us/davinci-pdex-NatlDir/SearchParameter/organization-coverage-area",
    "version": "1.0.0",
    "name": "NatlDir_sp_network_coverage_area"
  },
  {
    "id": "organization-endpoint",
    "type": "SearchParameter",
    "url": "http://hl7.org/fhir/us/davinci-pdex-NatlDir/SearchParameter/organization-endpoint",
    "version": "1.0.0",
    "name": "NatlDir_sp_organization_endpoint"
  },
  {
    "id": "organization-name",
    "type": "SearchParameter",
    "url": "http://hl7.org/fhir/us/davinci-pdex-NatlDir/SearchParameter/organization-name",
    "version": "1.0.0",
    "name": "NatlDir_sp_organization_name"
  },
  {
    "id": "organization-partof",
    "type": "SearchParameter",
    "url": "http://hl7.org/fhir/us/davinci-pdex-NatlDir/SearchParameter/organization-partof",
    "version": "1.0.0",
    "name": "NatlDir_sp_organization_partof"
  },
  {
    "id": "organization-type",
    "type": "SearchParameter",
    "url": "http://hl7.org/fhir/us/davinci-pdex-NatlDir/SearchParameter/organization-type",
    "version": "1.0.0",
    "name": "NatlDir_sp_organization_type"
  },
  {
    "id": "organizationaffiliation-endpoint",
    "type": "SearchParameter",
    "url": "http://hl7.org/fhir/us/davinci-pdex-NatlDir/SearchParameter/organizationaffiliation-endpoint",
    "version": "1.0.0",
    "name": "NatlDir_sp_organizationaffiliation_endpoint"
  },
  {
    "id": "organizationaffiliation-location",
    "type": "SearchParameter",
    "url": "http://hl7.org/fhir/us/davinci-pdex-NatlDir/SearchParameter/organizationaffiliation-location",
    "version": "1.0.0",
    "name": "NatlDir_sp_organizationaffiliation_location"
  },
  {
    "id": "organizationaffiliation-network",
    "type": "SearchParameter",
    "url": "http://hl7.org/fhir/us/davinci-pdex-NatlDir/SearchParameter/organizationaffiliation-network",
    "version": "1.0.0",
    "name": "NatlDir_sp_organizationaffiliation_network"
  },
  {
    "id": "organizationaffiliation-participating-organization",
    "type": "SearchParameter",
    "url": "http://hl7.org/fhir/us/davinci-pdex-NatlDir/SearchParameter/organizationaffiliation-participating-organization",
    "version": "1.0.0",
    "name": "NatlDir_sp_organizationaffiliation_participating_organization"
  },
  {
    "id": "organizationaffiliation-primary-organization",
    "type": "SearchParameter",
    "url": "http://hl7.org/fhir/us/davinci-pdex-NatlDir/SearchParameter/organizationaffiliation-primary-organization",
    "version": "1.0.0",
    "name": "NatlDir_sp_organizationaffiliation_primary_organization"
  },
  {
    "id": "organizationaffiliation-role",
    "type": "SearchParameter",
    "url": "http://hl7.org/fhir/us/davinci-pdex-NatlDir/SearchParameter/organizationaffiliation-role",
    "version": "1.0.0",
    "name": "NatlDir_sp_organizationaffiliation_role"
  },
  {
    "id": "organizationaffiliation-service",
    "type": "SearchParameter",
    "url": "http://hl7.org/fhir/us/davinci-pdex-NatlDir/SearchParameter/organizationaffiliation-service",
    "version": "1.0.0",
    "name": "NatlDir_sp_organizationaffiliation_service"
  },
  {
    "id": "organizationaffiliation-specialty",
    "type": "SearchParameter",
    "url": "http://hl7.org/fhir/us/davinci-pdex-NatlDir/SearchParameter/organizationaffiliation-specialty",
    "version": "1.0.0",
    "name": "NatlDir_sp_organizationaffiliation_specialty"
  },
  {
    "id": "practitioner-family-name",
    "type": "SearchParameter",
    "url": "http://hl7.org/fhir/us/davinci-pdex-NatlDir/SearchParameter/practitioner-family-name",
    "version": "1.0.0",
    "name": "NatlDir_sp_practitioner_family_name"
  },
  {
    "id": "practitioner-given-name",
    "type": "SearchParameter",
    "url": "http://hl7.org/fhir/us/davinci-pdex-NatlDir/SearchParameter/practitioner-given-name",
    "version": "1.0.0",
    "name": "NatlDir_sp_practitioner_given_name"
  },
  {
    "id": "practitioner-name",
    "type": "SearchParameter",
    "url": "http://hl7.org/fhir/us/davinci-pdex-NatlDir/SearchParameter/practitioner-name",
    "version": "1.0.0",
    "name": "NatlDir_sp_practitioner_name"
  },
  {
    "id": "practitionerrole-endpoint",
    "type": "SearchParameter",
    "url": "http://hl7.org/fhir/us/davinci-pdex-NatlDir/SearchParameter/practitionerrole-endpoint",
    "version": "1.0.0",
    "name": "NatlDir_sp_practitionerrole_endpoint"
  },
  {
    "id": "practitionerrole-location",
    "type": "SearchParameter",
    "url": "http://hl7.org/fhir/us/davinci-pdex-NatlDir/SearchParameter/practitionerrole-location",
    "version": "1.0.0",
    "name": "NatlDir_sp_practitionerrole_location"
  },
  {
    "id": "practitionerrole-network",
    "type": "SearchParameter",
    "url": "http://hl7.org/fhir/us/davinci-pdex-NatlDir/SearchParameter/practitionerrole-network",
    "version": "1.0.0",
    "name": "NatlDir_sp_practitionerrole_network"
  },
  {
    "id": "practitionerrole-organization",
    "type": "SearchParameter",
    "url": "http://hl7.org/fhir/us/davinci-pdex-NatlDir/SearchParameter/practitionerrole-organization",
    "version": "1.0.0",
    "name": "NatlDir_sp_practitionerrole_organization"
  },
  {
    "id": "practitionerrole-period",
    "type": "SearchParameter",
    "url": "http://hl7.org/fhir/us/davinci-pdex-NatlDir/SearchParameter/practitionerrole-period",
    "version": "1.0.0",
    "name": "NatlDir_sp_practitionerrole_period"
  },
  {
    "id": "practitionerrole-practitioner",
    "type": "SearchParameter",
    "url": "http://hl7.org/fhir/us/davinci-pdex-NatlDir/SearchParameter/practitionerrole-practitioner",
    "version": "1.0.0",
    "name": "NatlDir_sp_practitionerrole_practitioner"
  },
  {
    "id": "practitionerrole-role",
    "type": "SearchParameter",
    "url": "http://hl7.org/fhir/us/davinci-pdex-NatlDir/SearchParameter/practitionerrole-role",
    "version": "1.0.0",
    "name": "NatlDir_sp_practitionerrole_role"
  },
  {
    "id": "practitionerrole-service",
    "type": "SearchParameter",
    "url": "http://hl7.org/fhir/us/davinci-pdex-NatlDir/SearchParameter/practitionerrole-service",
    "version": "1.0.0",
    "name": "NatlDir_sp_practitionerrole_service"
  },
  {
    "id": "practitionerrole-specialty",
    "type": "SearchParameter",
    "url": "http://hl7.org/fhir/us/davinci-pdex-NatlDir/SearchParameter/practitionerrole-specialty",
    "version": "1.0.0",
    "name": "NatlDir_sp_practitionerrole_specialty"
  },
  {
    "id": "AcceptingPatientsCS",
    "type": "CodeSystem",
    "url": "http://hl7.org/fhir/us/national-healthcare-directory/CodeSystem/AcceptingPatientsCS",
    "version": "1.0.0",
    "name": "AcceptingPatientsCS"
  },
  {
    "id": "AccessibilityCS",
    "type": "CodeSystem",
    "url": "http://hl7.org/fhir/us/national-healthcare-directory/CodeSystem/AccessibilityCS",
    "version": "1.0.0",
    "name": "AccessibilityCS"
  },
  {
    "id": "DeliveryMethodCS",
    "type": "CodeSystem",
    "url": "http://hl7.org/fhir/us/national-healthcare-directory/CodeSystem/DeliveryMethodCS",
    "version": "1.0.0",
    "name": "DeliveryMethodCS"
  },
  {
    "id": "EndpointConnectionTypeCS",
    "type": "CodeSystem",
    "url": "http://hl7.org/fhir/us/national-healthcare-directory/CodeSystem/EndpointConnectionTypeCS",
    "version": "1.0.0",
    "name": "EndpointConnectionTypeCS"
  },
  {
    "id": "EndpointPayloadTypeCS",
    "type": "CodeSystem",
    "url": "http://hl7.org/fhir/us/national-healthcare-directory/CodeSystem/EndpointPayloadTypeCS",
    "version": "1.0.0",
    "name": "EndpointPayloadTypeCS"
  },
  {
    "id": "HealthcareServiceCategoryCS",
    "type": "CodeSystem",
    "url": "http://hl7.org/fhir/us/national-healthcare-directory/CodeSystem/HealthcareServiceCategoryCS",
    "version": "1.0.0",
    "name": "HealthcareServiceCategoryCS"
  },
  {
    "id": "InsurancePlanTypeCS",
    "type": "CodeSystem",
    "url": "http://hl7.org/fhir/us/national-healthcare-directory/CodeSystem/InsurancePlanTypeCS",
    "version": "1.0.0",
    "name": "InsurancePlanTypeCS"
  },
  {
    "id": "InsuranceProductTypeCS",
    "type": "CodeSystem",
    "url": "http://hl7.org/fhir/us/national-healthcare-directory/CodeSystem/InsuranceProductTypeCS",
    "version": "1.0.0",
    "name": "InsuranceProductTypeCS"
  },
  {
    "id": "LanguageProficiencyCS",
    "type": "CodeSystem",
    "url": "http://hl7.org/fhir/us/national-healthcare-directory/CodeSystem/LanguageProficiencyCS",
    "version": "1.0.0",
    "name": "LanguageProficiencyCS"
  },
  {
    "id": "OrgTypeCS",
    "type": "CodeSystem",
    "url": "http://hl7.org/fhir/us/national-healthcare-directory/CodeSystem/OrgTypeCS",
    "version": "1.0.0",
    "name": "OrgTypeCS"
  },
  {
    "id": "OrganizationAffiliationRoleCS",
    "type": "CodeSystem",
    "url": "http://hl7.org/fhir/us/national-healthcare-directory/CodeSystem/OrganizationAffiliationRoleCS",
    "version": "1.0.0",
    "name": "OrganizationAffiliationRoleCS"
  },
  {
    "id": "ProviderRoleCS",
    "type": "CodeSystem",
    "url": "http://hl7.org/fhir/us/national-healthcare-directory/CodeSystem/ProviderRoleCS",
    "version": "1.0.0",
    "name": "ProviderRoleCS"
  },
  {
    "id": "QualificationStatusCS",
    "type": "CodeSystem",
    "url": "http://hl7.org/fhir/us/national-healthcare-directory/CodeSystem/QualificationStatusCS",
    "version": "1.0.0",
    "name": "QualificationStatusCS"
  },
  {
    "id": "VirtualModalitiesCS",
    "type": "CodeSystem",
    "url": "http://hl7.org/fhir/us/national-healthcare-directory/CodeSystem/VirtualModalitiesCS",
    "version": "1.0.0",
    "name": "VirtualModalitiesCS"
  },
  {
    "id": "hl7.fhir.us.davinci-pdex-NatlDir",
    "type": "ImplementationGuide",
    "url": "http://hl7.org/fhir/us/national-healthcare-directory/ImplementationGuide/hl7.fhir.us.davinci-pdex-NatlDir",
    "version": "1.0.0",
    "name": "ONCFASTNationalCareCoordinationDirectory"
  },
  {
    "id": "NatlDir-CareTeam",
    "type": "StructureDefinition",
    "url": "http://hl7.org/fhir/us/national-healthcare-directory/StructureDefinition/NatlDir-CareTeam",
    "version": "1.0.0",
    "name": "NatlDirCareTeam"
  },
  {
    "id": "NatlDir-Endpoint",
    "type": "StructureDefinition",
    "url": "http://hl7.org/fhir/us/national-healthcare-directory/StructureDefinition/NatlDir-Endpoint",
    "version": "1.0.0",
    "name": "NatlDirEndpoint"
  },
  {
    "id": "NatlDir-HealthcareService",
    "type": "StructureDefinition",
    "url": "http://hl7.org/fhir/us/national-healthcare-directory/StructureDefinition/NatlDir-HealthcareService",
    "version": "1.0.0",
    "name": "NatlDirHealthcareService"
  },
  {
    "id": "NatlDir-InsurancePlan",
    "type": "StructureDefinition",
    "url": "http://hl7.org/fhir/us/national-healthcare-directory/StructureDefinition/NatlDir-InsurancePlan",
    "version": "1.0.0",
    "name": "NatlDirInsurancePlan"
  },
  {
    "id": "NatlDir-Location",
    "type": "StructureDefinition",
    "url": "http://hl7.org/fhir/us/national-healthcare-directory/StructureDefinition/NatlDir-Location",
    "version": "1.0.0",
    "name": "NatlDirLocation"
  },
  {
    "id": "NatlDir-Network",
    "type": "StructureDefinition",
    "url": "http://hl7.org/fhir/us/national-healthcare-directory/StructureDefinition/NatlDir-Network",
    "version": "1.0.0",
    "name": "NatlDirNetwork"
  },
  {
    "id": "NatlDir-Organization",
    "type": "StructureDefinition",
    "url": "http://hl7.org/fhir/us/national-healthcare-directory/StructureDefinition/NatlDir-Organization",
    "version": "1.0.0",
    "name": "NatlDirOrganization"
  },
  {
    "id": "NatlDir-OrganizationAffiliation",
    "type": "StructureDefinition",
    "url": "http://hl7.org/fhir/us/national-healthcare-directory/StructureDefinition/NatlDir-OrganizationAffiliation",
    "version": "1.0.0",
    "name": "NatlDirOrganizationAffiliation"
  },
  {
    "id": "NatlDir-Practitioner",
    "type": "StructureDefinition",
    "url": "http://hl7.org/fhir/us/national-healthcare-directory/StructureDefinition/NatlDir-Practitioner",
    "version": "1.0.0",
    "name": "NatlDirPractitioner"
  },
  {
    "id": "NatlDir-PractitionerRole",
    "type": "StructureDefinition",
    "url": "http://hl7.org/fhir/us/national-healthcare-directory/StructureDefinition/NatlDir-PractitionerRole",
    "version": "1.0.0",
    "name": "NatlDirPractitionerRole"
  },
  {
    "id": "NatlDir-Restriction",
    "type": "StructureDefinition",
    "url": "http://hl7.org/fhir/us/national-healthcare-directory/StructureDefinition/NatlDir-Restriction",
    "version": "1.0.0",
    "name": "NatlDirRestriction"
  },
  {
    "id": "NatlDir-Validation",
    "type": "StructureDefinition",
    "url": "http://hl7.org/fhir/us/national-healthcare-directory/StructureDefinition/NatlDir-Validation",
    "version": "1.0.0",
    "name": "NatlDirValidation"
  },
  {
    "id": "accessibility",
    "type": "StructureDefinition",
    "url": "http://hl7.org/fhir/us/national-healthcare-directory/StructureDefinition/accessibility",
    "version": "1.0.0",
    "name": "Accessibility"
  },
  {
    "id": "careteam-alias",
    "type": "StructureDefinition",
    "url": "http://hl7.org/fhir/us/national-healthcare-directory/StructureDefinition/careteam-alias",
    "version": "1.0.0",
    "name": "CareteamAlias"
  },
  {
    "id": "communication-proficiency",
    "type": "StructureDefinition",
    "url": "http://hl7.org/fhir/us/national-healthcare-directory/StructureDefinition/communication-proficiency",
    "version": "1.0.0",
    "name": "CommunicationProficiency"
  },
  {
    "id": "contactpoint-availabletime",
    "type": "StructureDefinition",
    "url": "http://hl7.org/fhir/us/national-healthcare-directory/StructureDefinition/contactpoint-availabletime",
    "version": "1.0.0",
    "name": "ContactPointAvailableTime"
  },
  {
    "id": "contactpoint-viaintermediary",
    "type": "StructureDefinition",
    "url": "http://hl7.org/fhir/us/national-healthcare-directory/StructureDefinition/contactpoint-viaintermediary",
    "version": "1.0.0",
    "name": "ContactPointViaIntermediary"
  },
  {
    "id": "delivery-method",
    "type": "StructureDefinition",
    "url": "http://hl7.org/fhir/us/national-healthcare-directory/StructureDefinition/delivery-method",
    "version": "1.0.0",
    "name": "DeliveryMethod"
  },
  {
    "id": "endpoint-reference",
    "type": "StructureDefinition",
    "url": "http://hl7.org/fhir/us/national-healthcare-directory/StructureDefinition/endpoint-reference",
    "version": "1.0.0",
    "name": "EndpointReference"
  },
  {
    "id": "endpoint-usecase",
    "type": "StructureDefinition",
    "url": "http://hl7.org/fhir/us/national-healthcare-directory/StructureDefinition/endpoint-usecase",
    "version": "1.0.0",
    "name": "EndpointUsecase"
  },
  {
    "id": "healthcareservice-reference",
    "type": "StructureDefinition",
    "url": "http://hl7.org/fhir/us/national-healthcare-directory/StructureDefinition/healthcareservice-reference",
    "version": "1.0.0",
    "name": "HealthcareServiceReference"
  },
  {
    "id": "identifier-status",
    "type": "StructureDefinition",
    "url": "http://hl7.org/fhir/us/national-healthcare-directory/StructureDefinition/identifier-status",
    "version": "1.0.0",
    "name": "IdentifierStatus"
  },
  {
    "id": "location-reference",
    "type": "StructureDefinition",
    "url": "http://hl7.org/fhir/us/national-healthcare-directory/StructureDefinition/location-reference",
    "version": "1.0.0",
    "name": "LocationReference"
  },
  {
    "id": "network-reference",
    "type": "StructureDefinition",
    "url": "http://hl7.org/fhir/us/national-healthcare-directory/StructureDefinition/network-reference",
    "version": "1.0.0",
    "name": "NetworkReference"
  },
  {
    "id": "newpatients",
    "type": "StructureDefinition",
    "url": "http://hl7.org/fhir/us/national-healthcare-directory/StructureDefinition/newpatients",
    "version": "1.0.0",
    "name": "NewPatients"
  },
  {
    "id": "org-description",
    "type": "StructureDefinition",
    "url": "http://hl7.org/fhir/us/national-healthcare-directory/StructureDefinition/org-description",
    "version": "1.0.0",
    "name": "OrgDescription"
  },
  {
    "id": "practitioner-qualification",
    "type": "StructureDefinition",
    "url": "http://hl7.org/fhir/us/national-healthcare-directory/StructureDefinition/practitioner-qualification",
    "version": "1.0.0",
    "name": "PractitionerQualification"
  },
  {
    "id": "qualification",
    "type": "StructureDefinition",
    "url": "http://hl7.org/fhir/us/national-healthcare-directory/StructureDefinition/qualification",
    "version": "1.0.0",
    "name": "Qualification"
  },
  {
    "id": "usage-restriction",
    "type": "StructureDefinition",
    "url": "http://hl7.org/fhir/us/national-healthcare-directory/StructureDefinition/usage-restriction",
    "version": "1.0.0",
    "name": "UsageRestriction"
  },
  {
    "id": "via-intermediary",
    "type": "StructureDefinition",
    "url": "http://hl7.org/fhir/us/national-healthcare-directory/StructureDefinition/via-intermediary",
    "version": "1.0.0",
    "name": "ViaIntermediary"
  },
  {
    "id": "AcceptingPatientsVS",
    "type": "ValueSet",
    "url": "http://hl7.org/fhir/us/national-healthcare-directory/ValueSet/AcceptingPatientsVS",
    "version": "1.0.0",
    "name": "AcceptingPatientsVS"
  },
  {
    "id": "AccessibilityVS",
    "type": "ValueSet",
    "url": "http://hl7.org/fhir/us/national-healthcare-directory/ValueSet/AccessibilityVS",
    "version": "1.0.0",
    "name": "AccessibilityVS"
  },
  {
    "id": "DeliveryMethodVS",
    "type": "ValueSet",
    "url": "http://hl7.org/fhir/us/national-healthcare-directory/ValueSet/DeliveryMethodVS",
    "version": "1.0.0",
    "name": "DeliveryMethodVS"
  },
  {
    "id": "EndpointConnectionTypeVS",
    "type": "ValueSet",
    "url": "http://hl7.org/fhir/us/national-healthcare-directory/ValueSet/EndpointConnectionTypeVS",
    "version": "1.0.0",
    "name": "EndpointConnectionTypeVS"
  },
  {
    "id": "EndpointPayloadTypeVS",
    "type": "ValueSet",
    "url": "http://hl7.org/fhir/us/national-healthcare-directory/ValueSet/EndpointPayloadTypeVS",
    "version": "1.0.0",
    "name": "EndpointPayloadTypeVS"
  },
  {
    "id": "EndpointUsecaseVS",
    "type": "ValueSet",
    "url": "http://hl7.org/fhir/us/national-healthcare-directory/ValueSet/EndpointUsecaseVS",
    "version": "1.0.0",
    "name": "EndpointUsecaseVS"
  },
  {
    "id": "HealthcareServiceCategoryVS",
    "type": "ValueSet",
    "url": "http://hl7.org/fhir/us/national-healthcare-directory/ValueSet/HealthcareServiceCategoryVS",
    "version": "1.0.0",
    "name": "HealthcareServiceCategoryVS"
  },
  {
    "id": "HealthcareServiceTypeVS",
    "type": "ValueSet",
    "url": "http://hl7.org/fhir/us/national-healthcare-directory/ValueSet/HealthcareServiceTypeVS",
    "version": "1.0.0",
    "name": "HealthcareServiceTypeVS"
  },
  {
    "id": "IndividualAndGroupSpecialtiesVS",
    "type": "ValueSet",
    "url": "http://hl7.org/fhir/us/national-healthcare-directory/ValueSet/IndividualAndGroupSpecialtiesVS",
    "version": "1.0.0",
    "name": "IndividualAndGroupSpecialtiesVS"
  },
  {
    "id": "IndividualSpecialtyAndDegreeLicenseCertificateVS",
    "type": "ValueSet",
    "url": "http://hl7.org/fhir/us/national-healthcare-directory/ValueSet/IndividualSpecialtyAndDegreeLicenseCertificateVS",
    "version": "1.0.0",
    "name": "IndividualSpecialtyAndDegreeLicenseCertificateVS"
  },
  {
    "id": "InsurancePlanTypeVS",
    "type": "ValueSet",
    "url": "http://hl7.org/fhir/us/national-healthcare-directory/ValueSet/InsurancePlanTypeVS",
    "version": "1.0.0",
    "name": "InsurancePlanTypeVS"
  },
  {
    "id": "InsuranceProductTypeVS",
    "type": "ValueSet",
    "url": "http://hl7.org/fhir/us/national-healthcare-directory/ValueSet/InsuranceProductTypeVS",
    "version": "1.0.0",
    "name": "InsuranceProductTypeVS"
  },
  {
    "id": "LanguageProficiencyVS",
    "type": "ValueSet",
    "url": "http://hl7.org/fhir/us/national-healthcare-directory/ValueSet/LanguageProficiencyVS",
    "version": "1.0.0",
    "name": "LanguageProficiencyVS"
  },
  {
    "id": "MinEndpointConnectionTypeVS",
    "type": "ValueSet",
    "url": "http://hl7.org/fhir/us/national-healthcare-directory/ValueSet/MinEndpointConnectionTypeVS",
    "version": "1.0.0",
    "name": "MinEndpointConnectionTypeVS"
  },
  {
    "id": "NetworkTypeVS",
    "type": "ValueSet",
    "url": "http://hl7.org/fhir/us/national-healthcare-directory/ValueSet/NetworkTypeVS",
    "version": "1.0.0",
    "name": "NetworkTypeVS"
  },
  {
    "id": "NonIndividualSpecialtiesVS",
    "type": "ValueSet",
    "url": "http://hl7.org/fhir/us/national-healthcare-directory/ValueSet/NonIndividualSpecialtiesVS",
    "version": "1.0.0",
    "name": "NonIndividualSpecialtiesVS"
  },
  {
    "id": "NonIndividualSpecialtyAndDegreeLicenseCertificateVS",
    "type": "ValueSet",
    "url": "http://hl7.org/fhir/us/national-healthcare-directory/ValueSet/NonIndividualSpecialtyAndDegreeLicenseCertificateVS",
    "version": "1.0.0",
    "name": "NonIndividualSpecialtyAndDegreeLicenseCertificateVS"
  },
  {
    "id": "OrgTypeVS",
    "type": "ValueSet",
    "url": "http://hl7.org/fhir/us/national-healthcare-directory/ValueSet/OrgTypeVS",
    "version": "1.0.0",
    "name": "OrgTypeVS"
  },
  {
    "id": "OrganizationAffiliationRoleVS",
    "type": "ValueSet",
    "url": "http://hl7.org/fhir/us/national-healthcare-directory/ValueSet/OrganizationAffiliationRoleVS",
    "version": "1.0.0",
    "name": "OrganizationAffiliationRoleVS"
  },
  {
    "id": "PractitionerRoleVS",
    "type": "ValueSet",
    "url": "http://hl7.org/fhir/us/national-healthcare-directory/ValueSet/PractitionerRoleVS",
    "version": "1.0.0",
    "name": "PractitionerRoleVS"
  },
  {
    "id": "QualificationStatusVS",
    "type": "ValueSet",
    "url": "http://hl7.org/fhir/us/national-healthcare-directory/ValueSet/QualificationStatusVS",
    "version": "1.0.0",
    "name": "QualificationStatusVS"
  },
  {
    "id": "SpecialtiesVS",
    "type": "ValueSet",
    "url": "http://hl7.org/fhir/us/national-healthcare-directory/ValueSet/SpecialtiesVS",
    "version": "1.0.0",
    "name": "SpecialtiesVS"
  },
  {
    "id": "SpecialtyAndDegreeLicenseCertificateVS",
    "type": "ValueSet",
    "url": "http://hl7.org/fhir/us/national-healthcare-directory/ValueSet/SpecialtyAndDegreeLicenseCertificateVS",
    "version": "1.0.0",
    "name": "SpecialtyAndDegreeLicenseCertificateVS"
  },
  {
    "id": "VirtualModalitiesVS",
    "type": "ValueSet",
    "url": "http://hl7.org/fhir/us/national-healthcare-directory/ValueSet/VirtualModalitiesVS",
    "version": "1.0.0",
    "name": "VirtualModalitiesVS"
  }
]