{
  "resourceType": "CodeSystem",
  "id": "QualificationStatusCS",
  "text": {
    "status": "generated",
    "div": "<div xmlns=\"http://www.w3.org/1999/xhtml\"><p>This code system http://hl7.org/fhir/us/national-healthcare-directory/CodeSystem/QualificationStatusCS defines the following codes:</p><table class=\"codes\"><tr><td style=\"white-space:nowrap\"><b>Code</b></td><td><b>Display</b></td><td><b>Definition</b></td></tr><tr><td style=\"white-space:nowrap\">active<a name=\"QualificationStatusCS-active\"> </a></td><td>active</td><td>The credential may be considered valid for use.</td></tr><tr><td style=\"white-space:nowrap\">inactive<a name=\"QualificationStatusCS-inactive\"> </a></td><td>inactive</td><td>The credential may not be considered valid for use.</td></tr><tr><td style=\"white-space:nowrap\">issiner<a name=\"QualificationStatusCS-issiner\"> </a></td><td>issued in error</td><td>The credential was mistakenly assigned and should not be considered valid for use.</td></tr><tr><td style=\"white-space:nowrap\">revoked<a name=\"QualificationStatusCS-revoked\"> </a></td><td>revoked</td><td>The credential was revoked by the issuing organization and should not be considered valid for use.</td></tr><tr><td style=\"white-space:nowrap\">pending<a name=\"QualificationStatusCS-pending\"> </a></td><td>pending</td><td>The credential has not been officially assigned. It may or may not be considered valid for use.</td></tr><tr><td style=\"white-space:nowrap\">unknown<a name=\"QualificationStatusCS-unknown\"> </a></td><td>unknown</td><td>The status of this credential is unknown. It may or may not be considered valid for use.</td></tr></table></div>"
  },
  "url": "http://hl7.org/fhir/us/national-healthcare-directory/CodeSystem/QualificationStatusCS",
  "version": "0.0.1",
  "name": "QualificationStatusCS",
  "title": "Qualification Status",
  "status": "active",
  "date": "2021-11-17T10:46:00-05:00",
  "publisher": "HL7 Patient Administration Working Group",
  "contact": [
    {
      "name": "HL7 Patient Administration Working Group",
      "telecom": [
        {
          "system": "url",
          "value": "https://www.hl7.org/Special/committees/pafm/index.cfm"
        },
        {
          "system": "email",
          "value": "pafm@lists.HL7.org"
        }
      ]
    }
  ],
  "description": "The state indicating if a qualification is currently valid.",
  "jurisdiction": [
    {
      "coding": [
        {
          "system": "urn:iso:std:iso:3166",
          "code": "US"
        }
      ]
    }
  ],
  "content": "complete",
  "count": 6,
  "concept": [
    {
      "code": "active",
      "display": "active",
      "definition": "The credential may be considered valid for use."
    },
    {
      "code": "inactive",
      "display": "inactive",
      "definition": "The credential may not be considered valid for use."
    },
    {
      "code": "issiner",
      "display": "issued in error",
      "definition": "The credential was mistakenly assigned and should not be considered valid for use."
    },
    {
      "code": "revoked",
      "display": "revoked",
      "definition": "The credential was revoked by the issuing organization and should not be considered valid for use."
    },
    {
      "code": "pending",
      "display": "pending",
      "definition": "The credential has not been officially assigned. It may or may not be considered valid for use."
    },
    {
      "code": "unknown",
      "display": "unknown",
      "definition": "The status of this credential is unknown. It may or may not be considered valid for use."
    }
  ]
}