{
  "resourceType": "CodeSystem",
  "id": "EndpointPayloadTypeCS",
  "text": {
    "status": "generated",
    "div": "<div xmlns=\"http://www.w3.org/1999/xhtml\"><p>This code system http://hl7.org/fhir/us/national-healthcare-directory/CodeSystem/EndpointPayloadTypeCS defines the following codes:</p><table class=\"codes\"><tr><td style=\"white-space:nowrap\"><b>Code</b></td><td><b>Display</b></td><td><b>Definition</b></td></tr><tr><td style=\"white-space:nowrap\">NA<a name=\"EndpointPayloadTypeCS-NA\"> </a></td><td>Not Applicable</td><td>Not Applicable</td></tr></table></div>"
  },
  "url": "http://hl7.org/fhir/us/national-healthcare-directory/CodeSystem/EndpointPayloadTypeCS",
  "version": "0.0.1",
  "name": "EndpointPayloadTypeCS",
  "title": "Endpoint Payload Types",
  "status": "active",
  "date": "2021-11-17T10:46:00-05:00",
  "publisher": "HL7 Patient Administration Working Group",
  "contact": [
    {
      "name": "HL7 Patient Administration Working Group",
      "telecom": [
        {
          "system": "url",
          "value": "https://www.hl7.org/Special/committees/pafm/index.cfm"
        },
        {
          "system": "email",
          "value": "pafm@lists.HL7.org"
        }
      ]
    }
  ],
  "description": "Endpoint Payload Types are constrained to NA (Not Applicable) as part of this IG",
  "jurisdiction": [
    {
      "coding": [
        {
          "system": "urn:iso:std:iso:3166",
          "code": "US"
        }
      ]
    }
  ],
  "content": "complete",
  "count": 1,
  "concept": [
    {
      "code": "NA",
      "display": "Not Applicable",
      "definition": "Not Applicable"
    }
  ]
}