{
  "resourceType": "Endpoint",
  "id": "AcmeOfCTPortalEndpoint",
  "meta": {
    "lastUpdated": "2020-07-07T13:26:22.0314215+00:00",
    "profile": [
      "http://hl7.org/fhir/us/national-healthcare-directory/StructureDefinition/NatlDir-Endpoint"
    ]
  },
  "language": "en-US",
  "text": {
    "status": "extensions",
    "div": "<div xmlns=\"http://www.w3.org/1999/xhtml\" xml:lang=\"en-US\" lang=\"en-US\"><p><b>Generated Narrative</b></p><blockquote><p><b>Endpoint Usecase</b></p><p><b>value</b>: <span title=\"Codes: {http://terminology.hl7.org/CodeSystem/v3-ActReason HOPERAT}\">healthcare operations</span></p></blockquote><p><b>status</b>: active</p><p><b>connectionType</b>: <span title=\"{http://hl7.org/fhir/us/national-healthcare-directory/CodeSystem/EndpointConnectionTypeCS rest-non-fhir}\">REST (not FHIR)</span></p><p><b>name</b>: Endpoint for Acme of CT Portal</p><p><b>payloadType</b>: <span title=\"Codes: {http://hl7.org/fhir/us/national-healthcare-directory/CodeSystem/EndpointPayloadTypeCS NA}\">Not Applicable</span></p><p><b>address</b>: <a href=\"https://urlofportal.acmect.com\">https://urlofportal.acmect.com</a></p></div>"
  },
  "extension": [
    {
      "extension": [
        {
          "url": "type",
          "valueCodeableConcept": {
            "coding": [
              {
                "system": "http://terminology.hl7.org/CodeSystem/v3-ActReason",
                "code": "HOPERAT"
              }
            ]
          }
        }
      ],
      "url": "http://hl7.org/fhir/us/national-healthcare-directory/StructureDefinition/endpoint-usecase"
    }
  ],
  "status": "active",
  "connectionType": {
    "system": "http://hl7.org/fhir/us/national-healthcare-directory/CodeSystem/EndpointConnectionTypeCS",
    "code": "rest-non-fhir"
  },
  "name": "Endpoint for Acme of CT Portal",
  "payloadType": [
    {
      "coding": [
        {
          "system": "http://hl7.org/fhir/us/national-healthcare-directory/CodeSystem/EndpointPayloadTypeCS",
          "code": "NA"
        }
      ]
    }
  ],
  "address": "https://urlofportal.acmect.com"
}