{
  "resourceType": "HealthcareService",
  "id": "PharmChainMailService",
  "meta": {
    "lastUpdated": "2020-07-07T13:26:22.0314215+00:00",
    "profile": [
      "http://hl7.org/fhir/us/national-healthcare-directory/StructureDefinition/NatlDir-HealthcareService"
    ]
  },
  "language": "en-US",
  "text": {
    "status": "extensions",
    "div": "<div xmlns=\"http://www.w3.org/1999/xhtml\" xml:lang=\"en-US\" lang=\"en-US\"><p><b>Generated Narrative</b></p><blockquote><p><b>Delivery Method</b></p><p><b>value</b>: <span title=\"Codes: {http://hl7.org/fhir/us/national-healthcare-directory/CodeSystem/DeliveryMethodCS virtual}\">Virtual</span></p><p><b>value</b>: <span title=\"Codes: {http://hl7.org/fhir/us/national-healthcare-directory/CodeSystem/VirtualModalitiesCS web}\">Website</span></p><p><b>value</b>: <span title=\"Codes: {http://hl7.org/fhir/us/national-healthcare-directory/CodeSystem/VirtualModalitiesCS app}\">App</span></p><p><b>value</b>: <span title=\"Codes: {http://hl7.org/fhir/us/national-healthcare-directory/CodeSystem/VirtualModalitiesCS tdd}\">TDD</span></p><p><b>value</b>: <span title=\"Codes: {http://hl7.org/fhir/us/national-healthcare-directory/CodeSystem/VirtualModalitiesCS phone}\">phone</span></p></blockquote><p><b>active</b>: true</p><p><b>providedBy</b>: <a href=\"Organization-PharmChain.html\">Generated Summary: language: en-US; id: NPI-ORGA; active: true; <span title=\"Codes: {http://hl7.org/fhir/us/national-healthcare-directory/CodeSystem/OrgTypeCS prvgrp}\">Provider Group</span>; name: Pharm Chain; Phone: (111)-222-3333, https://www.pharmchain.com</a></p><p><b>category</b>: <span title=\"Codes: {http://hl7.org/fhir/us/national-healthcare-directory/CodeSystem/HealthcareServiceCategoryCS pharm}\">Pharmacy</span></p><p><b>specialty</b>: <span title=\"Codes: {http://nucc.org/provider-taxonomy 3336M0002X}\">Mail Order Pharmacy</span></p><p><b>name</b>: Mail Order Pharmacy by OrgA</p><p><b>telecom</b>: ph: (111)-222-3333, <a href=\"https://mailorderrx.com\">https://mailorderrx.com</a></p></div>"
  },
  "extension": [
    {
      "extension": [
        {
          "url": "type",
          "valueCodeableConcept": {
            "coding": [
              {
                "system": "http://hl7.org/fhir/us/national-healthcare-directory/CodeSystem/DeliveryMethodCS",
                "code": "virtual"
              }
            ]
          }
        },
        {
          "url": "virtualModalities",
          "valueCodeableConcept": {
            "coding": [
              {
                "system": "http://hl7.org/fhir/us/national-healthcare-directory/CodeSystem/VirtualModalitiesCS",
                "code": "web"
              }
            ]
          }
        },
        {
          "url": "virtualModalities",
          "valueCodeableConcept": {
            "coding": [
              {
                "system": "http://hl7.org/fhir/us/national-healthcare-directory/CodeSystem/VirtualModalitiesCS",
                "code": "app"
              }
            ]
          }
        },
        {
          "url": "virtualModalities",
          "valueCodeableConcept": {
            "coding": [
              {
                "system": "http://hl7.org/fhir/us/national-healthcare-directory/CodeSystem/VirtualModalitiesCS",
                "code": "tdd"
              }
            ]
          }
        },
        {
          "url": "virtualModalities",
          "valueCodeableConcept": {
            "coding": [
              {
                "system": "http://hl7.org/fhir/us/national-healthcare-directory/CodeSystem/VirtualModalitiesCS",
                "code": "phone"
              }
            ]
          }
        }
      ],
      "url": "http://hl7.org/fhir/us/national-healthcare-directory/StructureDefinition/delivery-method"
    }
  ],
  "active": true,
  "providedBy": {
    "reference": "Organization/PharmChain"
  },
  "category": [
    {
      "coding": [
        {
          "system": "http://hl7.org/fhir/us/national-healthcare-directory/CodeSystem/HealthcareServiceCategoryCS",
          "code": "pharm",
          "display": "Pharmacy"
        }
      ]
    }
  ],
  "specialty": [
    {
      "coding": [
        {
          "system": "http://nucc.org/provider-taxonomy",
          "code": "3336M0002X",
          "display": "Mail Order Pharmacy"
        }
      ]
    }
  ],
  "name": "Mail Order Pharmacy by OrgA",
  "telecom": [
    {
      "system": "phone",
      "value": "(111)-222-3333",
      "rank": 2
    },
    {
      "system": "url",
      "value": "https://mailorderrx.com",
      "rank": 1
    }
  ]
}