{
  "resourceType": "HealthcareService",
  "id": "PharmChainRetailService",
  "meta": {
    "lastUpdated": "2020-07-07T13:26:22.0314215+00:00",
    "profile": [
      "http://hl7.org/fhir/us/national-healthcare-directory/StructureDefinition/NatlDir-HealthcareService"
    ]
  },
  "language": "en-US",
  "text": {
    "status": "extensions",
    "div": "<div xmlns=\"http://www.w3.org/1999/xhtml\" xml:lang=\"en-US\" lang=\"en-US\"><p><b>Generated Narrative</b></p><blockquote><p><b>Delivery Method</b></p><p><b>value</b>: <span title=\"Codes: {http://hl7.org/fhir/us/national-healthcare-directory/CodeSystem/DeliveryMethodCS physical}\">Physical</span></p></blockquote><blockquote><p><b>New Patients</b></p><p><b>value</b>: <span title=\"Codes: {http://hl7.org/fhir/us/national-healthcare-directory/CodeSystem/AcceptingPatientsCS existptonly}\">Accepting existing patients</span></p><p><b>value</b>: <a href=\"Organization-AcmeofCTStdNet.html\">Generated Summary: language: en-US; active: true; <span title=\"Codes: {http://hl7.org/fhir/us/national-healthcare-directory/CodeSystem/OrgTypeCS ntwk}\">Network</span>; name: ACME CT Preferred Provider Network</a></p></blockquote><p><b>active</b>: true</p><p><b>providedBy</b>: <a href=\"Organization-PharmChain.html\">Generated Summary: language: en-US; id: NPI-ORGA; active: true; <span title=\"Codes: {http://hl7.org/fhir/us/national-healthcare-directory/CodeSystem/OrgTypeCS prvgrp}\">Provider Group</span>; name: Pharm Chain; Phone: (111)-222-3333, https://www.pharmchain.com</a></p><p><b>category</b>: <span title=\"Codes: {http://hl7.org/fhir/us/national-healthcare-directory/CodeSystem/HealthcareServiceCategoryCS pharm}\">Pharmacy</span></p><p><b>specialty</b>: <span title=\"Codes: {http://nucc.org/provider-taxonomy 3336C0003X}\">Community/Retail Pharmacy</span></p><p><b>location</b>: </p><ul><li><a href=\"Location-PharmLoc1.html\">Generated Summary: language: en-US; status: active; name: OrgA CT Location 1; <span title=\"Codes: {http://terminology.hl7.org/CodeSystem/v3-RoleCode OUTPHARM}\">outpatient pharmacy</span>; Phone: (111)-222-3333, https://www.orga.com</a></li><li><a href=\"Location-PharmLoc2.html\">Generated Summary: language: en-US; status: active; name: OrgA CT Location 2; <span title=\"Codes: {http://terminology.hl7.org/CodeSystem/v3-RoleCode OUTPHARM}\">outpatient pharmacy</span>; Phone: (777)-888-9999, https://www.orga.com</a></li><li><a href=\"Location-PharmLoc3.html\">Generated Summary: language: en-US; status: active; name: OrgA MA Location 1; <span title=\"Codes: {http://terminology.hl7.org/CodeSystem/v3-RoleCode OUTPHARM}\">outpatient pharmacy</span>; Phone: (444)-555-666, https://www.orga.com</a></li><li><a href=\"Location-PharmLoc4.html\">Generated Summary: language: en-US; status: active; name: OrgA MA Location 2; <span title=\"Codes: {http://terminology.hl7.org/CodeSystem/v3-RoleCode OUTPHARM}\">outpatient pharmacy</span>; Phone: (222)-333-4444, https://www.orga.com</a></li></ul><p><b>name</b>: Pharmacy by PharmChain</p><p><b>telecom</b>: -unknown-</p></div>"
  },
  "extension": [
    {
      "extension": [
        {
          "url": "type",
          "valueCodeableConcept": {
            "coding": [
              {
                "system": "http://hl7.org/fhir/us/national-healthcare-directory/CodeSystem/DeliveryMethodCS",
                "code": "physical"
              }
            ]
          }
        }
      ],
      "url": "http://hl7.org/fhir/us/national-healthcare-directory/StructureDefinition/delivery-method"
    },
    {
      "extension": [
        {
          "url": "acceptingPatients",
          "valueCodeableConcept": {
            "coding": [
              {
                "system": "http://hl7.org/fhir/us/national-healthcare-directory/CodeSystem/AcceptingPatientsCS",
                "code": "existptonly"
              }
            ]
          }
        },
        {
          "url": "fromNetwork",
          "valueReference": {
            "reference": "Organization/AcmeofCTStdNet"
          }
        }
      ],
      "url": "http://hl7.org/fhir/us/national-healthcare-directory/StructureDefinition/newpatients"
    }
  ],
  "active": true,
  "providedBy": {
    "reference": "Organization/PharmChain"
  },
  "category": [
    {
      "coding": [
        {
          "system": "http://hl7.org/fhir/us/national-healthcare-directory/CodeSystem/HealthcareServiceCategoryCS",
          "code": "pharm",
          "display": "Pharmacy"
        }
      ]
    }
  ],
  "specialty": [
    {
      "coding": [
        {
          "system": "http://nucc.org/provider-taxonomy",
          "code": "3336C0003X",
          "display": "Community/Retail Pharmacy"
        }
      ]
    }
  ],
  "location": [
    {
      "reference": "Location/PharmLoc1"
    },
    {
      "reference": "Location/PharmLoc2"
    },
    {
      "reference": "Location/PharmLoc3"
    },
    {
      "reference": "Location/PharmLoc4"
    }
  ],
  "name": "Pharmacy by PharmChain",
  "telecom": [
    {
      "extension": [
        {
          "url": "http://hl7.org/fhir/us/national-healthcare-directory/StructureDefinition/via-intermediary",
          "valueReference": {
            "reference": "Organization/PharmChain"
          }
        }
      ]
    }
  ]
}