{
  "resourceType": "Location",
  "id": "CancerClinicLoc",
  "meta": {
    "lastUpdated": "2020-07-07T13:26:22.0314215+00:00",
    "profile": [
      "http://hl7.org/fhir/us/national-healthcare-directory/StructureDefinition/NatlDir-Location"
    ]
  },
  "language": "en-US",
  "text": {
    "status": "extensions",
    "div": "<div xmlns=\"http://www.w3.org/1999/xhtml\" xml:lang=\"en-US\" lang=\"en-US\"><p><b>Generated Narrative</b></p><p><b>Accessibility</b>: <span title=\"Codes: {http://hl7.org/fhir/us/national-healthcare-directory/CodeSystem/AccessibilityCS adacomp}\">ADA compliant</span></p><p><b>Accessibility</b>: <span title=\"Codes: {http://hl7.org/fhir/us/national-healthcare-directory/CodeSystem/AccessibilityCS pubtrans}\">public transit options</span></p><p><b>status</b>: active</p><p><b>name</b>: Cancer Clinic</p><p><b>type</b>: <span title=\"Codes: {http://terminology.hl7.org/CodeSystem/v3-RoleCode HOSP}\">Hospital</span></p><p><b>telecom</b>: ph: (111)-222-3333, <a href=\"https://www.hgh.com\">https://www.hgh.com</a></p><p><b>address</b>: 456 Main Street Anytown CT 00014-1234 </p><h3>Positions</h3><table class=\"grid\"><tr><td>-</td><td><b>Longitude</b></td><td><b>Latitude</b></td></tr><tr><td>*</td><td>3</td><td>15</td></tr></table><p><b>managingOrganization</b>: <a href=\"Organization-CancerClinic.html\">Generated Summary: language: en-US; id: NPI788; active: true; <span title=\"Codes: {http://hl7.org/fhir/us/national-healthcare-directory/CodeSystem/OrgTypeCS fac}\">Facility</span>; name: Hamilton Clinic; Phone: (111)-222-3333, https://www.Hospital.com</a></p><h3>HoursOfOperations</h3><table class=\"grid\"><tr><td>-</td><td><b>DaysOfWeek</b></td></tr><tr><td>*</td><td>mon, tue, wed, thu, fri</td></tr></table></div>"
  },
  "extension": [
    {
      "url": "http://hl7.org/fhir/us/national-healthcare-directory/StructureDefinition/accessibility",
      "valueCodeableConcept": {
        "coding": [
          {
            "system": "http://hl7.org/fhir/us/national-healthcare-directory/CodeSystem/AccessibilityCS",
            "code": "adacomp"
          }
        ]
      }
    },
    {
      "url": "http://hl7.org/fhir/us/national-healthcare-directory/StructureDefinition/accessibility",
      "valueCodeableConcept": {
        "coding": [
          {
            "system": "http://hl7.org/fhir/us/national-healthcare-directory/CodeSystem/AccessibilityCS",
            "code": "pubtrans"
          }
        ]
      }
    }
  ],
  "status": "active",
  "name": "Cancer Clinic",
  "type": [
    {
      "coding": [
        {
          "system": "http://terminology.hl7.org/CodeSystem/v3-RoleCode",
          "code": "HOSP"
        }
      ]
    }
  ],
  "telecom": [
    {
      "extension": [
        {
          "extension": [
            {
              "url": "daysOfWeek",
              "valueCode": "mon"
            },
            {
              "url": "daysOfWeek",
              "valueCode": "tue"
            },
            {
              "url": "daysOfWeek",
              "valueCode": "wed"
            },
            {
              "url": "daysOfWeek",
              "valueCode": "thu"
            },
            {
              "url": "daysOfWeek",
              "valueCode": "fri"
            },
            {
              "url": "allDay",
              "valueBoolean": true
            }
          ],
          "url": "http://hl7.org/fhir/us/national-healthcare-directory/StructureDefinition/contactpoint-availabletime"
        }
      ],
      "system": "phone",
      "value": "(111)-222-3333",
      "rank": 2
    },
    {
      "system": "url",
      "value": "https://www.hgh.com",
      "rank": 1
    }
  ],
  "address": {
    "line": [
      "456 Main Street"
    ],
    "city": "Anytown",
    "state": "CT",
    "postalCode": "00014-1234"
  },
  "position": {
    "longitude": 3,
    "latitude": 15
  },
  "managingOrganization": {
    "reference": "Organization/CancerClinic"
  },
  "hoursOfOperation": [
    {
      "daysOfWeek": [
        "mon",
        "tue",
        "wed",
        "thu",
        "fri"
      ]
    }
  ]
}