﻿{
  "openapi": "3.0.2",
  "info": {
    "title": "NatlDir CapabilityStatement",
    "description": "This Section describes the expected capabilities of the NatlDir Server actor which is responsible for providing responses to the queries submitted by the NatlDir Requestors. The complete list of FHIR profiles, RESTful operations, and search parameters supported by NatlDir Servers are defined. Systems implementing this capability statement should meet the CMS FInal Rule requirement for provider directory access.  NatlDir  Clients can use the required capabilities to access necessary data based on their local use cases and other contextual requirements.",
    "license": {
      "name": "Creative Commons Zero v1.0 Universal",
      "url": "http://spdx.org/licenses/CC0-1.0.html"
    },
    "version": "1.0.0",
    "contact": {
      "name": "HL7 Patient Administration Working Group",
      "email": "pafm@lists.HL7.org",
      "url": "https://www.hl7.org/Special/committees/pafm/index.cfm"
    }
  },
  "externalDocs": {
    "url": "http://hl7.org/fhir/us/davinci-pdex-NatlDir/CapabilityStatement/NatlDir",
    "description": "FHIR CapabilityStatement"
  },
  "paths": {
    "/metadata": {
      "summary": "Access to the Server\u0027s Capability Statement",
      "description": "All FHIR Servers return a CapabilityStatement that describes what services they perform",
      "get": {
        "summary": "Return the server\u0027s capability statement",
        "operationId": "metadata",
        "responses": {
          "default": {
            "description": "Error, with details",
            "content": {
              "application/fhir+json": {
                "schema": {
                  "$ref": "https://hl7.org/fhir/R4/fhir.schema.json#/definitions/OperationOutcome"
                }
              },
              "application/fhir+xml": {
                "schema": {
                  "$ref": "https://hl7.org/fhir/R4/OperationOutcome.xsd"
                }
              }
            }
          },
          "200": {
            "description": "the capbility statement",
            "content": {
              "application/fhir+json": {
                "schema": {
                  "$ref": "https://hl7.org/fhir/R4/fhir.schema.json#/definitions/CapabilityStatement"
                }
              },
              "application/fhir+xml": {
                "schema": {
                  "$ref": "https://hl7.org/fhir/R4/CapabilityStatement.xsd"
                }
              }
            }
          }
        },
        "parameters": [
          {
            "$ref": "#/components/parameters/format"
          },
          {
            "$ref": "#/components/parameters/pretty"
          },
          {
            "$ref": "#/components/parameters/summary"
          },
          {
            "$ref": "#/components/parameters/elements"
          }
        ]
      }
    },
    "/Endpoint": {
      "summary": "manage the collection of resources of type Endpoint",
      "description": "Access to services to manage the collection of all resources of type Endpoint",
      "get": {
        "summary": "Search all resources of type Endpoint based on a set of criteria",
        "operationId": "searchEndpoint",
        "responses": {
          "default": {
            "description": "Error, with details",
            "content": {
              "application/fhir+json": {
                "schema": {
                  "$ref": "https://hl7.org/fhir/R4/fhir.schema.json#/definitions/OperationOutcome"
                }
              },
              "application/fhir+xml": {
                "schema": {
                  "$ref": "https://hl7.org/fhir/R4/OperationOutcome.xsd"
                }
              }
            }
          },
          "200": {
            "description": "the resource being returned",
            "content": {
              "application/fhir+json": {
                "schema": {
                  "$ref": "https://hl7.org/fhir/R4/fhir.schema.json#/definitions/Bundle"
                }
              },
              "application/fhir+xml": {
                "schema": {
                  "$ref": "https://hl7.org/fhir/R4/Bundle.xsd"
                }
              }
            }
          }
        },
        "parameters": [
          {
            "$ref": "#/components/parameters/format"
          },
          {
            "$ref": "#/components/parameters/pretty"
          },
          {
            "$ref": "#/components/parameters/summary"
          },
          {
            "$ref": "#/components/parameters/elements"
          },
          {
            "name": "organization",
            "in": "query",
            "schema": {
              "type": "string"
            },
            "description": "Select Endpoints managed by the specified organization"
          },
          {
            "name": "_id",
            "in": "query",
            "schema": {
              "type": "string"
            },
            "description": "Logical id of this artifact"
          },
          {
            "name": "_lastUpdated",
            "in": "query",
            "schema": {
              "type": "string",
              "pattern": "([0-9]([0-9]([0-9][1-9]|[1-9]0)|[1-9]00)|[1-9]000)(-(0[1-9]|1[0-2])(-(0[1-9]|[1-2][0-9]|3[0-1])(T([01][0-9]|2[0-3]):[0-5][0-9]:([0-5][0-9]|60)(\\.[0-9]+)?(Z|(\\+|-)((0[0-9]|1[0-3]):[0-5][0-9]|14:00)))?)?)?"
            },
            "description": "When the resource version last changed"
          }
        ]
      }
    },
    "/Endpoint/{rid}": {
      "summary": "Read/Write/etc resource instance of type Endpoint",
      "description": "Access to services to manage the state of a single resource of type Endpoint",
      "get": {
        "summary": "Read the current state of the resource",
        "operationId": "readEndpoint",
        "responses": {
          "default": {
            "description": "Error, with details",
            "content": {
              "application/fhir+json": {
                "schema": {
                  "$ref": "https://hl7.org/fhir/R4/fhir.schema.json#/definitions/OperationOutcome"
                }
              },
              "application/fhir+xml": {
                "schema": {
                  "$ref": "https://hl7.org/fhir/R4/OperationOutcome.xsd"
                }
              }
            }
          },
          "200": {
            "description": "the resource being returned",
            "headers": {
              "ETag": {
                "description": "Version from Resource.meta.version as a weak ETag",
                "schema": {
                  "type": "string"
                }
              }
            },
            "content": {
              "application/fhir+json": {
                "schema": {
                  "$ref": "https://hl7.org/fhir/R4/fhir.schema.json#/definitions/Endpoint"
                }
              },
              "application/fhir+xml": {
                "schema": {
                  "$ref": "https://hl7.org/fhir/R4/Endpoint.xsd"
                }
              }
            }
          }
        },
        "parameters": [
          {
            "$ref": "#/components/parameters/rid"
          },
          {
            "$ref": "#/components/parameters/summary"
          },
          {
            "$ref": "#/components/parameters/format"
          },
          {
            "$ref": "#/components/parameters/pretty"
          },
          {
            "$ref": "#/components/parameters/elements"
          }
        ]
      }
    },
    "/Endpoint/{rid}/_history/{hid}": {
      "summary": "Read a past version of resource instance of type Endpoint",
      "description": "Access a to specified previous version of a single resource of type Endpoint",
      "get": {
        "summary": "Read a past state of the resource",
        "operationId": "vreadEndpoint",
        "responses": {
          "default": {
            "description": "Error, with details",
            "content": {
              "application/fhir+json": {
                "schema": {
                  "$ref": "https://hl7.org/fhir/R4/fhir.schema.json#/definitions/OperationOutcome"
                }
              },
              "application/fhir+xml": {
                "schema": {
                  "$ref": "https://hl7.org/fhir/R4/OperationOutcome.xsd"
                }
              }
            }
          },
          "200": {
            "description": "the resource being returned",
            "headers": {
              "ETag": {
                "description": "Version from Resource.meta.version as a weak ETag for that version",
                "schema": {
                  "type": "string"
                }
              }
            },
            "content": {
              "application/fhir+json": {
                "schema": {
                  "$ref": "https://hl7.org/fhir/R4/fhir.schema.json#/definitions/Endpoint"
                }
              },
              "application/fhir+xml": {
                "schema": {
                  "$ref": "https://hl7.org/fhir/R4/Endpoint.xsd"
                }
              }
            }
          }
        },
        "parameters": [
          {
            "$ref": "#/components/parameters/rid"
          },
          {
            "$ref": "#/components/parameters/hid"
          },
          {
            "$ref": "#/components/parameters/summary"
          },
          {
            "$ref": "#/components/parameters/format"
          },
          {
            "$ref": "#/components/parameters/pretty"
          },
          {
            "$ref": "#/components/parameters/elements"
          }
        ]
      }
    },
    "/HealthcareService": {
      "summary": "manage the collection of resources of type HealthcareService",
      "description": "Access to services to manage the collection of all resources of type HealthcareService",
      "get": {
        "summary": "Search all resources of type HealthcareService based on a set of criteria",
        "operationId": "searchHealthcareService",
        "responses": {
          "default": {
            "description": "Error, with details",
            "content": {
              "application/fhir+json": {
                "schema": {
                  "$ref": "https://hl7.org/fhir/R4/fhir.schema.json#/definitions/OperationOutcome"
                }
              },
              "application/fhir+xml": {
                "schema": {
                  "$ref": "https://hl7.org/fhir/R4/OperationOutcome.xsd"
                }
              }
            }
          },
          "200": {
            "description": "the resource being returned",
            "content": {
              "application/fhir+json": {
                "schema": {
                  "$ref": "https://hl7.org/fhir/R4/fhir.schema.json#/definitions/Bundle"
                }
              },
              "application/fhir+xml": {
                "schema": {
                  "$ref": "https://hl7.org/fhir/R4/Bundle.xsd"
                }
              }
            }
          }
        },
        "parameters": [
          {
            "$ref": "#/components/parameters/format"
          },
          {
            "$ref": "#/components/parameters/pretty"
          },
          {
            "$ref": "#/components/parameters/summary"
          },
          {
            "$ref": "#/components/parameters/elements"
          },
          {
            "name": "location",
            "in": "query",
            "schema": {
              "type": "string"
            },
            "description": "Select HealthcareServices available at the specified location"
          },
          {
            "name": "coverage-area",
            "in": "query",
            "schema": {
              "type": "string"
            },
            "description": "Select services available in a region described by the specified location"
          },
          {
            "name": "organization",
            "in": "query",
            "schema": {
              "type": "string"
            },
            "description": "Select HealthcareServices provided by the specified organization"
          },
          {
            "name": "endpoint",
            "in": "query",
            "schema": {
              "type": "string"
            },
            "description": "Select HealthcareServices with the specified endpoint"
          },
          {
            "name": "name",
            "in": "query",
            "schema": {
              "type": "string"
            },
            "description": "Select HealthcareServices with the specified name"
          },
          {
            "name": "service-category",
            "in": "query",
            "schema": {
              "type": "string"
            },
            "description": "Select HealthcareServices providing the specified category of services"
          },
          {
            "name": "service-type",
            "in": "query",
            "schema": {
              "type": "string"
            },
            "description": "Select HealthcareServices of the specified type"
          },
          {
            "name": "specialty",
            "in": "query",
            "schema": {
              "type": "string"
            },
            "description": "Select services associated with the specified specialty"
          },
          {
            "name": "_id",
            "in": "query",
            "schema": {
              "type": "string"
            },
            "description": "Logical id of this artifact"
          },
          {
            "name": "_lastUpdated",
            "in": "query",
            "schema": {
              "type": "string",
              "pattern": "([0-9]([0-9]([0-9][1-9]|[1-9]0)|[1-9]00)|[1-9]000)(-(0[1-9]|1[0-2])(-(0[1-9]|[1-2][0-9]|3[0-1])(T([01][0-9]|2[0-3]):[0-5][0-9]:([0-5][0-9]|60)(\\.[0-9]+)?(Z|(\\+|-)((0[0-9]|1[0-3]):[0-5][0-9]|14:00)))?)?)?"
            },
            "description": "When the resource version last changed"
          }
        ]
      }
    },
    "/HealthcareService/{rid}": {
      "summary": "Read/Write/etc resource instance of type HealthcareService",
      "description": "Access to services to manage the state of a single resource of type HealthcareService",
      "get": {
        "summary": "Read the current state of the resource",
        "operationId": "readHealthcareService",
        "responses": {
          "default": {
            "description": "Error, with details",
            "content": {
              "application/fhir+json": {
                "schema": {
                  "$ref": "https://hl7.org/fhir/R4/fhir.schema.json#/definitions/OperationOutcome"
                }
              },
              "application/fhir+xml": {
                "schema": {
                  "$ref": "https://hl7.org/fhir/R4/OperationOutcome.xsd"
                }
              }
            }
          },
          "200": {
            "description": "the resource being returned",
            "headers": {
              "ETag": {
                "description": "Version from Resource.meta.version as a weak ETag",
                "schema": {
                  "type": "string"
                }
              }
            },
            "content": {
              "application/fhir+json": {
                "schema": {
                  "$ref": "https://hl7.org/fhir/R4/fhir.schema.json#/definitions/HealthcareService"
                }
              },
              "application/fhir+xml": {
                "schema": {
                  "$ref": "https://hl7.org/fhir/R4/HealthcareService.xsd"
                }
              }
            }
          }
        },
        "parameters": [
          {
            "$ref": "#/components/parameters/rid"
          },
          {
            "$ref": "#/components/parameters/summary"
          },
          {
            "$ref": "#/components/parameters/format"
          },
          {
            "$ref": "#/components/parameters/pretty"
          },
          {
            "$ref": "#/components/parameters/elements"
          }
        ]
      }
    },
    "/HealthcareService/{rid}/_history/{hid}": {
      "summary": "Read a past version of resource instance of type HealthcareService",
      "description": "Access a to specified previous version of a single resource of type HealthcareService",
      "get": {
        "summary": "Read a past state of the resource",
        "operationId": "vreadHealthcareService",
        "responses": {
          "default": {
            "description": "Error, with details",
            "content": {
              "application/fhir+json": {
                "schema": {
                  "$ref": "https://hl7.org/fhir/R4/fhir.schema.json#/definitions/OperationOutcome"
                }
              },
              "application/fhir+xml": {
                "schema": {
                  "$ref": "https://hl7.org/fhir/R4/OperationOutcome.xsd"
                }
              }
            }
          },
          "200": {
            "description": "the resource being returned",
            "headers": {
              "ETag": {
                "description": "Version from Resource.meta.version as a weak ETag for that version",
                "schema": {
                  "type": "string"
                }
              }
            },
            "content": {
              "application/fhir+json": {
                "schema": {
                  "$ref": "https://hl7.org/fhir/R4/fhir.schema.json#/definitions/HealthcareService"
                }
              },
              "application/fhir+xml": {
                "schema": {
                  "$ref": "https://hl7.org/fhir/R4/HealthcareService.xsd"
                }
              }
            }
          }
        },
        "parameters": [
          {
            "$ref": "#/components/parameters/rid"
          },
          {
            "$ref": "#/components/parameters/hid"
          },
          {
            "$ref": "#/components/parameters/summary"
          },
          {
            "$ref": "#/components/parameters/format"
          },
          {
            "$ref": "#/components/parameters/pretty"
          },
          {
            "$ref": "#/components/parameters/elements"
          }
        ]
      }
    },
    "/InsurancePlan": {
      "summary": "manage the collection of resources of type InsurancePlan",
      "description": "Access to services to manage the collection of all resources of type InsurancePlan",
      "get": {
        "summary": "Search all resources of type InsurancePlan based on a set of criteria",
        "operationId": "searchInsurancePlan",
        "responses": {
          "default": {
            "description": "Error, with details",
            "content": {
              "application/fhir+json": {
                "schema": {
                  "$ref": "https://hl7.org/fhir/R4/fhir.schema.json#/definitions/OperationOutcome"
                }
              },
              "application/fhir+xml": {
                "schema": {
                  "$ref": "https://hl7.org/fhir/R4/OperationOutcome.xsd"
                }
              }
            }
          },
          "200": {
            "description": "the resource being returned",
            "content": {
              "application/fhir+json": {
                "schema": {
                  "$ref": "https://hl7.org/fhir/R4/fhir.schema.json#/definitions/Bundle"
                }
              },
              "application/fhir+xml": {
                "schema": {
                  "$ref": "https://hl7.org/fhir/R4/Bundle.xsd"
                }
              }
            }
          }
        },
        "parameters": [
          {
            "$ref": "#/components/parameters/format"
          },
          {
            "$ref": "#/components/parameters/pretty"
          },
          {
            "$ref": "#/components/parameters/summary"
          },
          {
            "$ref": "#/components/parameters/elements"
          },
          {
            "name": "administered-by",
            "in": "query",
            "schema": {
              "type": "string"
            },
            "description": "Select products that are administered by the specified organization"
          },
          {
            "name": "owned-by",
            "in": "query",
            "schema": {
              "type": "string"
            },
            "description": "Select products that are owned by the specified organization"
          },
          {
            "name": "coverage-area",
            "in": "query",
            "schema": {
              "type": "string"
            },
            "description": "Select products that are offered in the specified location"
          },
          {
            "name": "name",
            "in": "query",
            "schema": {
              "type": "string"
            },
            "description": "Select products with the specified name"
          },
          {
            "name": "plan-type",
            "in": "query",
            "schema": {
              "type": "string"
            },
            "description": "Select plans of the specified type"
          },
          {
            "name": "identifier",
            "in": "query",
            "schema": {
              "type": "string"
            },
            "description": "Select products with the specified identifier"
          },
          {
            "name": "_id",
            "in": "query",
            "schema": {
              "type": "string"
            },
            "description": "Logical id of this artifact"
          },
          {
            "name": "_lastUpdated",
            "in": "query",
            "schema": {
              "type": "string",
              "pattern": "([0-9]([0-9]([0-9][1-9]|[1-9]0)|[1-9]00)|[1-9]000)(-(0[1-9]|1[0-2])(-(0[1-9]|[1-2][0-9]|3[0-1])(T([01][0-9]|2[0-3]):[0-5][0-9]:([0-5][0-9]|60)(\\.[0-9]+)?(Z|(\\+|-)((0[0-9]|1[0-3]):[0-5][0-9]|14:00)))?)?)?"
            },
            "description": "When the resource version last changed"
          },
          {
            "name": "type",
            "in": "query",
            "schema": {
              "type": "string"
            },
            "description": "Select insurance plans of the specified type"
          }
        ]
      }
    },
    "/InsurancePlan/{rid}": {
      "summary": "Read/Write/etc resource instance of type InsurancePlan",
      "description": "Access to services to manage the state of a single resource of type InsurancePlan",
      "get": {
        "summary": "Read the current state of the resource",
        "operationId": "readInsurancePlan",
        "responses": {
          "default": {
            "description": "Error, with details",
            "content": {
              "application/fhir+json": {
                "schema": {
                  "$ref": "https://hl7.org/fhir/R4/fhir.schema.json#/definitions/OperationOutcome"
                }
              },
              "application/fhir+xml": {
                "schema": {
                  "$ref": "https://hl7.org/fhir/R4/OperationOutcome.xsd"
                }
              }
            }
          },
          "200": {
            "description": "the resource being returned",
            "headers": {
              "ETag": {
                "description": "Version from Resource.meta.version as a weak ETag",
                "schema": {
                  "type": "string"
                }
              }
            },
            "content": {
              "application/fhir+json": {
                "schema": {
                  "$ref": "https://hl7.org/fhir/R4/fhir.schema.json#/definitions/InsurancePlan"
                }
              },
              "application/fhir+xml": {
                "schema": {
                  "$ref": "https://hl7.org/fhir/R4/InsurancePlan.xsd"
                }
              }
            }
          }
        },
        "parameters": [
          {
            "$ref": "#/components/parameters/rid"
          },
          {
            "$ref": "#/components/parameters/summary"
          },
          {
            "$ref": "#/components/parameters/format"
          },
          {
            "$ref": "#/components/parameters/pretty"
          },
          {
            "$ref": "#/components/parameters/elements"
          }
        ]
      }
    },
    "/InsurancePlan/{rid}/_history/{hid}": {
      "summary": "Read a past version of resource instance of type InsurancePlan",
      "description": "Access a to specified previous version of a single resource of type InsurancePlan",
      "get": {
        "summary": "Read a past state of the resource",
        "operationId": "vreadInsurancePlan",
        "responses": {
          "default": {
            "description": "Error, with details",
            "content": {
              "application/fhir+json": {
                "schema": {
                  "$ref": "https://hl7.org/fhir/R4/fhir.schema.json#/definitions/OperationOutcome"
                }
              },
              "application/fhir+xml": {
                "schema": {
                  "$ref": "https://hl7.org/fhir/R4/OperationOutcome.xsd"
                }
              }
            }
          },
          "200": {
            "description": "the resource being returned",
            "headers": {
              "ETag": {
                "description": "Version from Resource.meta.version as a weak ETag for that version",
                "schema": {
                  "type": "string"
                }
              }
            },
            "content": {
              "application/fhir+json": {
                "schema": {
                  "$ref": "https://hl7.org/fhir/R4/fhir.schema.json#/definitions/InsurancePlan"
                }
              },
              "application/fhir+xml": {
                "schema": {
                  "$ref": "https://hl7.org/fhir/R4/InsurancePlan.xsd"
                }
              }
            }
          }
        },
        "parameters": [
          {
            "$ref": "#/components/parameters/rid"
          },
          {
            "$ref": "#/components/parameters/hid"
          },
          {
            "$ref": "#/components/parameters/summary"
          },
          {
            "$ref": "#/components/parameters/format"
          },
          {
            "$ref": "#/components/parameters/pretty"
          },
          {
            "$ref": "#/components/parameters/elements"
          }
        ]
      }
    },
    "/Location": {
      "summary": "manage the collection of resources of type Location",
      "description": "Access to services to manage the collection of all resources of type Location",
      "get": {
        "summary": "Search all resources of type Location based on a set of criteria",
        "operationId": "searchLocation",
        "responses": {
          "default": {
            "description": "Error, with details",
            "content": {
              "application/fhir+json": {
                "schema": {
                  "$ref": "https://hl7.org/fhir/R4/fhir.schema.json#/definitions/OperationOutcome"
                }
              },
              "application/fhir+xml": {
                "schema": {
                  "$ref": "https://hl7.org/fhir/R4/OperationOutcome.xsd"
                }
              }
            }
          },
          "200": {
            "description": "the resource being returned",
            "content": {
              "application/fhir+json": {
                "schema": {
                  "$ref": "https://hl7.org/fhir/R4/fhir.schema.json#/definitions/Bundle"
                }
              },
              "application/fhir+xml": {
                "schema": {
                  "$ref": "https://hl7.org/fhir/R4/Bundle.xsd"
                }
              }
            }
          }
        },
        "parameters": [
          {
            "$ref": "#/components/parameters/format"
          },
          {
            "$ref": "#/components/parameters/pretty"
          },
          {
            "$ref": "#/components/parameters/summary"
          },
          {
            "$ref": "#/components/parameters/elements"
          },
          {
            "name": "partof",
            "in": "query",
            "schema": {
              "type": "string"
            },
            "description": "Select Locations that are part of the specified location"
          },
          {
            "name": "organization",
            "in": "query",
            "schema": {
              "type": "string"
            },
            "description": "Select Locations managed by the specified organization"
          },
          {
            "name": "endpoint",
            "in": "query",
            "schema": {
              "type": "string"
            },
            "description": "Select Locations with the specified endpoint"
          },
          {
            "name": "address-city",
            "in": "query",
            "schema": {
              "type": "string"
            },
            "description": "Select Locations with the specified address.city"
          },
          {
            "name": "address-state",
            "in": "query",
            "schema": {
              "type": "string"
            },
            "description": "Select Locations with the specified address.state"
          },
          {
            "name": "address-postalcode",
            "in": "query",
            "schema": {
              "type": "string"
            },
            "description": "Select Locations with the specified address"
          },
          {
            "name": "address",
            "in": "query",
            "schema": {
              "type": "string"
            },
            "description": "Select Locations with the specified address"
          },
          {
            "name": "type",
            "in": "query",
            "schema": {
              "type": "string"
            },
            "description": "Select Locations of the specified type"
          },
          {
            "name": "_id",
            "in": "query",
            "schema": {
              "type": "string"
            },
            "description": "Logical id of this artifact"
          },
          {
            "name": "_lastUpdated",
            "in": "query",
            "schema": {
              "type": "string",
              "pattern": "([0-9]([0-9]([0-9][1-9]|[1-9]0)|[1-9]00)|[1-9]000)(-(0[1-9]|1[0-2])(-(0[1-9]|[1-2][0-9]|3[0-1])(T([01][0-9]|2[0-3]):[0-5][0-9]:([0-5][0-9]|60)(\\.[0-9]+)?(Z|(\\+|-)((0[0-9]|1[0-3]):[0-5][0-9]|14:00)))?)?)?"
            },
            "description": "When the resource version last changed"
          }
        ]
      }
    },
    "/Location/{rid}": {
      "summary": "Read/Write/etc resource instance of type Location",
      "description": "Access to services to manage the state of a single resource of type Location",
      "get": {
        "summary": "Read the current state of the resource",
        "operationId": "readLocation",
        "responses": {
          "default": {
            "description": "Error, with details",
            "content": {
              "application/fhir+json": {
                "schema": {
                  "$ref": "https://hl7.org/fhir/R4/fhir.schema.json#/definitions/OperationOutcome"
                }
              },
              "application/fhir+xml": {
                "schema": {
                  "$ref": "https://hl7.org/fhir/R4/OperationOutcome.xsd"
                }
              }
            }
          },
          "200": {
            "description": "the resource being returned",
            "headers": {
              "ETag": {
                "description": "Version from Resource.meta.version as a weak ETag",
                "schema": {
                  "type": "string"
                }
              }
            },
            "content": {
              "application/fhir+json": {
                "schema": {
                  "$ref": "https://hl7.org/fhir/R4/fhir.schema.json#/definitions/Location"
                }
              },
              "application/fhir+xml": {
                "schema": {
                  "$ref": "https://hl7.org/fhir/R4/Location.xsd"
                }
              }
            }
          }
        },
        "parameters": [
          {
            "$ref": "#/components/parameters/rid"
          },
          {
            "$ref": "#/components/parameters/summary"
          },
          {
            "$ref": "#/components/parameters/format"
          },
          {
            "$ref": "#/components/parameters/pretty"
          },
          {
            "$ref": "#/components/parameters/elements"
          }
        ]
      }
    },
    "/Location/{rid}/_history/{hid}": {
      "summary": "Read a past version of resource instance of type Location",
      "description": "Access a to specified previous version of a single resource of type Location",
      "get": {
        "summary": "Read a past state of the resource",
        "operationId": "vreadLocation",
        "responses": {
          "default": {
            "description": "Error, with details",
            "content": {
              "application/fhir+json": {
                "schema": {
                  "$ref": "https://hl7.org/fhir/R4/fhir.schema.json#/definitions/OperationOutcome"
                }
              },
              "application/fhir+xml": {
                "schema": {
                  "$ref": "https://hl7.org/fhir/R4/OperationOutcome.xsd"
                }
              }
            }
          },
          "200": {
            "description": "the resource being returned",
            "headers": {
              "ETag": {
                "description": "Version from Resource.meta.version as a weak ETag for that version",
                "schema": {
                  "type": "string"
                }
              }
            },
            "content": {
              "application/fhir+json": {
                "schema": {
                  "$ref": "https://hl7.org/fhir/R4/fhir.schema.json#/definitions/Location"
                }
              },
              "application/fhir+xml": {
                "schema": {
                  "$ref": "https://hl7.org/fhir/R4/Location.xsd"
                }
              }
            }
          }
        },
        "parameters": [
          {
            "$ref": "#/components/parameters/rid"
          },
          {
            "$ref": "#/components/parameters/hid"
          },
          {
            "$ref": "#/components/parameters/summary"
          },
          {
            "$ref": "#/components/parameters/format"
          },
          {
            "$ref": "#/components/parameters/pretty"
          },
          {
            "$ref": "#/components/parameters/elements"
          }
        ]
      }
    },
    "/Organization": {
      "summary": "manage the collection of resources of type Organization",
      "description": "Access to services to manage the collection of all resources of type Organization",
      "get": {
        "summary": "Search all resources of type Organization based on a set of criteria",
        "operationId": "searchOrganization",
        "responses": {
          "default": {
            "description": "Error, with details",
            "content": {
              "application/fhir+json": {
                "schema": {
                  "$ref": "https://hl7.org/fhir/R4/fhir.schema.json#/definitions/OperationOutcome"
                }
              },
              "application/fhir+xml": {
                "schema": {
                  "$ref": "https://hl7.org/fhir/R4/OperationOutcome.xsd"
                }
              }
            }
          },
          "200": {
            "description": "the resource being returned",
            "content": {
              "application/fhir+json": {
                "schema": {
                  "$ref": "https://hl7.org/fhir/R4/fhir.schema.json#/definitions/Bundle"
                }
              },
              "application/fhir+xml": {
                "schema": {
                  "$ref": "https://hl7.org/fhir/R4/Bundle.xsd"
                }
              }
            }
          }
        },
        "parameters": [
          {
            "$ref": "#/components/parameters/format"
          },
          {
            "$ref": "#/components/parameters/pretty"
          },
          {
            "$ref": "#/components/parameters/summary"
          },
          {
            "$ref": "#/components/parameters/elements"
          },
          {
            "name": "partof",
            "in": "query",
            "schema": {
              "type": "string"
            },
            "description": "Select Organizations that are part of the specified organization"
          },
          {
            "name": "endpoint",
            "in": "query",
            "schema": {
              "type": "string"
            },
            "description": "Select Organizations with the specified endpoint"
          },
          {
            "name": "address",
            "in": "query",
            "schema": {
              "type": "string"
            },
            "description": "Select organizations with the specified address (matches any of the string elements of an address)"
          },
          {
            "name": "name",
            "in": "query",
            "schema": {
              "type": "string"
            },
            "description": "Select Organizations with the specified name"
          },
          {
            "name": "_id",
            "in": "query",
            "schema": {
              "type": "string"
            },
            "description": "Logical id of this artifact"
          },
          {
            "name": "_lastUpdated",
            "in": "query",
            "schema": {
              "type": "string",
              "pattern": "([0-9]([0-9]([0-9][1-9]|[1-9]0)|[1-9]00)|[1-9]000)(-(0[1-9]|1[0-2])(-(0[1-9]|[1-2][0-9]|3[0-1])(T([01][0-9]|2[0-3]):[0-5][0-9]:([0-5][0-9]|60)(\\.[0-9]+)?(Z|(\\+|-)((0[0-9]|1[0-3]):[0-5][0-9]|14:00)))?)?)?"
            },
            "description": "When the resource version last changed"
          },
          {
            "name": "type",
            "in": "query",
            "schema": {
              "type": "string"
            },
            "description": "Select Organizations of the specified type"
          },
          {
            "name": "coverage-area",
            "in": "query",
            "schema": {
              "type": "string"
            },
            "description": "Select health insurance provider networks available in a region described by the specified location"
          }
        ]
      }
    },
    "/Organization/{rid}": {
      "summary": "Read/Write/etc resource instance of type Organization",
      "description": "Access to services to manage the state of a single resource of type Organization",
      "get": {
        "summary": "Read the current state of the resource",
        "operationId": "readOrganization",
        "responses": {
          "default": {
            "description": "Error, with details",
            "content": {
              "application/fhir+json": {
                "schema": {
                  "$ref": "https://hl7.org/fhir/R4/fhir.schema.json#/definitions/OperationOutcome"
                }
              },
              "application/fhir+xml": {
                "schema": {
                  "$ref": "https://hl7.org/fhir/R4/OperationOutcome.xsd"
                }
              }
            }
          },
          "200": {
            "description": "the resource being returned",
            "headers": {
              "ETag": {
                "description": "Version from Resource.meta.version as a weak ETag",
                "schema": {
                  "type": "string"
                }
              }
            },
            "content": {
              "application/fhir+json": {
                "schema": {
                  "$ref": "https://hl7.org/fhir/R4/fhir.schema.json#/definitions/Organization"
                }
              },
              "application/fhir+xml": {
                "schema": {
                  "$ref": "https://hl7.org/fhir/R4/Organization.xsd"
                }
              }
            }
          }
        },
        "parameters": [
          {
            "$ref": "#/components/parameters/rid"
          },
          {
            "$ref": "#/components/parameters/summary"
          },
          {
            "$ref": "#/components/parameters/format"
          },
          {
            "$ref": "#/components/parameters/pretty"
          },
          {
            "$ref": "#/components/parameters/elements"
          }
        ]
      }
    },
    "/Organization/{rid}/_history/{hid}": {
      "summary": "Read a past version of resource instance of type Organization",
      "description": "Access a to specified previous version of a single resource of type Organization",
      "get": {
        "summary": "Read a past state of the resource",
        "operationId": "vreadOrganization",
        "responses": {
          "default": {
            "description": "Error, with details",
            "content": {
              "application/fhir+json": {
                "schema": {
                  "$ref": "https://hl7.org/fhir/R4/fhir.schema.json#/definitions/OperationOutcome"
                }
              },
              "application/fhir+xml": {
                "schema": {
                  "$ref": "https://hl7.org/fhir/R4/OperationOutcome.xsd"
                }
              }
            }
          },
          "200": {
            "description": "the resource being returned",
            "headers": {
              "ETag": {
                "description": "Version from Resource.meta.version as a weak ETag for that version",
                "schema": {
                  "type": "string"
                }
              }
            },
            "content": {
              "application/fhir+json": {
                "schema": {
                  "$ref": "https://hl7.org/fhir/R4/fhir.schema.json#/definitions/Organization"
                }
              },
              "application/fhir+xml": {
                "schema": {
                  "$ref": "https://hl7.org/fhir/R4/Organization.xsd"
                }
              }
            }
          }
        },
        "parameters": [
          {
            "$ref": "#/components/parameters/rid"
          },
          {
            "$ref": "#/components/parameters/hid"
          },
          {
            "$ref": "#/components/parameters/summary"
          },
          {
            "$ref": "#/components/parameters/format"
          },
          {
            "$ref": "#/components/parameters/pretty"
          },
          {
            "$ref": "#/components/parameters/elements"
          }
        ]
      }
    },
    "/OrganizationAffiliation": {
      "summary": "manage the collection of resources of type OrganizationAffiliation",
      "description": "Access to services to manage the collection of all resources of type OrganizationAffiliation",
      "get": {
        "summary": "Search all resources of type OrganizationAffiliation based on a set of criteria",
        "operationId": "searchOrganizationAffiliation",
        "responses": {
          "default": {
            "description": "Error, with details",
            "content": {
              "application/fhir+json": {
                "schema": {
                  "$ref": "https://hl7.org/fhir/R4/fhir.schema.json#/definitions/OperationOutcome"
                }
              },
              "application/fhir+xml": {
                "schema": {
                  "$ref": "https://hl7.org/fhir/R4/OperationOutcome.xsd"
                }
              }
            }
          },
          "200": {
            "description": "the resource being returned",
            "content": {
              "application/fhir+json": {
                "schema": {
                  "$ref": "https://hl7.org/fhir/R4/fhir.schema.json#/definitions/Bundle"
                }
              },
              "application/fhir+xml": {
                "schema": {
                  "$ref": "https://hl7.org/fhir/R4/Bundle.xsd"
                }
              }
            }
          }
        },
        "parameters": [
          {
            "$ref": "#/components/parameters/format"
          },
          {
            "$ref": "#/components/parameters/pretty"
          },
          {
            "$ref": "#/components/parameters/summary"
          },
          {
            "$ref": "#/components/parameters/elements"
          },
          {
            "name": "primary-organization",
            "in": "query",
            "schema": {
              "type": "string"
            },
            "description": "Select roles offered by the specified organization"
          },
          {
            "name": "participating-organization",
            "in": "query",
            "schema": {
              "type": "string"
            },
            "description": "Select roles filled by the specified organization"
          },
          {
            "name": "location",
            "in": "query",
            "schema": {
              "type": "string"
            },
            "description": "Select OrganizationAffiliations available at the specified location"
          },
          {
            "name": "service",
            "in": "query",
            "schema": {
              "type": "string"
            },
            "description": "Select OrganizationAffiliations providing the specified service"
          },
          {
            "name": "network",
            "in": "query",
            "schema": {
              "type": "string"
            },
            "description": "Select roles where the organization is a member of the specified health insurance provider network"
          },
          {
            "name": "endpoint",
            "in": "query",
            "schema": {
              "type": "string"
            },
            "description": "Select OrganizationAffiliations with the specified endpoint"
          },
          {
            "name": "role",
            "in": "query",
            "schema": {
              "type": "string"
            },
            "description": "Select OrganizationAffiliations with the specified role"
          },
          {
            "name": "specialty",
            "in": "query",
            "schema": {
              "type": "string"
            },
            "description": "Select OrganizationAffiliations associated with the specified specialty"
          },
          {
            "name": "_id",
            "in": "query",
            "schema": {
              "type": "string"
            },
            "description": "Logical id of this artifact"
          },
          {
            "name": "_lastUpdated",
            "in": "query",
            "schema": {
              "type": "string",
              "pattern": "([0-9]([0-9]([0-9][1-9]|[1-9]0)|[1-9]00)|[1-9]000)(-(0[1-9]|1[0-2])(-(0[1-9]|[1-2][0-9]|3[0-1])(T([01][0-9]|2[0-3]):[0-5][0-9]:([0-5][0-9]|60)(\\.[0-9]+)?(Z|(\\+|-)((0[0-9]|1[0-3]):[0-5][0-9]|14:00)))?)?)?"
            },
            "description": "When the resource version last changed"
          }
        ]
      }
    },
    "/OrganizationAffiliation/{rid}": {
      "summary": "Read/Write/etc resource instance of type OrganizationAffiliation",
      "description": "Access to services to manage the state of a single resource of type OrganizationAffiliation",
      "get": {
        "summary": "Read the current state of the resource",
        "operationId": "readOrganizationAffiliation",
        "responses": {
          "default": {
            "description": "Error, with details",
            "content": {
              "application/fhir+json": {
                "schema": {
                  "$ref": "https://hl7.org/fhir/R4/fhir.schema.json#/definitions/OperationOutcome"
                }
              },
              "application/fhir+xml": {
                "schema": {
                  "$ref": "https://hl7.org/fhir/R4/OperationOutcome.xsd"
                }
              }
            }
          },
          "200": {
            "description": "the resource being returned",
            "headers": {
              "ETag": {
                "description": "Version from Resource.meta.version as a weak ETag",
                "schema": {
                  "type": "string"
                }
              }
            },
            "content": {
              "application/fhir+json": {
                "schema": {
                  "$ref": "https://hl7.org/fhir/R4/fhir.schema.json#/definitions/OrganizationAffiliation"
                }
              },
              "application/fhir+xml": {
                "schema": {
                  "$ref": "https://hl7.org/fhir/R4/OrganizationAffiliation.xsd"
                }
              }
            }
          }
        },
        "parameters": [
          {
            "$ref": "#/components/parameters/rid"
          },
          {
            "$ref": "#/components/parameters/summary"
          },
          {
            "$ref": "#/components/parameters/format"
          },
          {
            "$ref": "#/components/parameters/pretty"
          },
          {
            "$ref": "#/components/parameters/elements"
          }
        ]
      }
    },
    "/OrganizationAffiliation/{rid}/_history/{hid}": {
      "summary": "Read a past version of resource instance of type OrganizationAffiliation",
      "description": "Access a to specified previous version of a single resource of type OrganizationAffiliation",
      "get": {
        "summary": "Read a past state of the resource",
        "operationId": "vreadOrganizationAffiliation",
        "responses": {
          "default": {
            "description": "Error, with details",
            "content": {
              "application/fhir+json": {
                "schema": {
                  "$ref": "https://hl7.org/fhir/R4/fhir.schema.json#/definitions/OperationOutcome"
                }
              },
              "application/fhir+xml": {
                "schema": {
                  "$ref": "https://hl7.org/fhir/R4/OperationOutcome.xsd"
                }
              }
            }
          },
          "200": {
            "description": "the resource being returned",
            "headers": {
              "ETag": {
                "description": "Version from Resource.meta.version as a weak ETag for that version",
                "schema": {
                  "type": "string"
                }
              }
            },
            "content": {
              "application/fhir+json": {
                "schema": {
                  "$ref": "https://hl7.org/fhir/R4/fhir.schema.json#/definitions/OrganizationAffiliation"
                }
              },
              "application/fhir+xml": {
                "schema": {
                  "$ref": "https://hl7.org/fhir/R4/OrganizationAffiliation.xsd"
                }
              }
            }
          }
        },
        "parameters": [
          {
            "$ref": "#/components/parameters/rid"
          },
          {
            "$ref": "#/components/parameters/hid"
          },
          {
            "$ref": "#/components/parameters/summary"
          },
          {
            "$ref": "#/components/parameters/format"
          },
          {
            "$ref": "#/components/parameters/pretty"
          },
          {
            "$ref": "#/components/parameters/elements"
          }
        ]
      }
    },
    "/Practitioner": {
      "summary": "manage the collection of resources of type Practitioner",
      "description": "Access to services to manage the collection of all resources of type Practitioner",
      "get": {
        "summary": "Search all resources of type Practitioner based on a set of criteria",
        "operationId": "searchPractitioner",
        "responses": {
          "default": {
            "description": "Error, with details",
            "content": {
              "application/fhir+json": {
                "schema": {
                  "$ref": "https://hl7.org/fhir/R4/fhir.schema.json#/definitions/OperationOutcome"
                }
              },
              "application/fhir+xml": {
                "schema": {
                  "$ref": "https://hl7.org/fhir/R4/OperationOutcome.xsd"
                }
              }
            }
          },
          "200": {
            "description": "the resource being returned",
            "content": {
              "application/fhir+json": {
                "schema": {
                  "$ref": "https://hl7.org/fhir/R4/fhir.schema.json#/definitions/Bundle"
                }
              },
              "application/fhir+xml": {
                "schema": {
                  "$ref": "https://hl7.org/fhir/R4/Bundle.xsd"
                }
              }
            }
          }
        },
        "parameters": [
          {
            "$ref": "#/components/parameters/format"
          },
          {
            "$ref": "#/components/parameters/pretty"
          },
          {
            "$ref": "#/components/parameters/summary"
          },
          {
            "$ref": "#/components/parameters/elements"
          },
          {
            "name": "name",
            "in": "query",
            "schema": {
              "type": "string"
            },
            "description": "Select Practitioners with the specified name (matches against any of the elements in the HumanName data type)"
          },
          {
            "name": "_id",
            "in": "query",
            "schema": {
              "type": "string"
            },
            "description": "Logical id of this artifact"
          },
          {
            "name": "_lastUpdated",
            "in": "query",
            "schema": {
              "type": "string",
              "pattern": "([0-9]([0-9]([0-9][1-9]|[1-9]0)|[1-9]00)|[1-9]000)(-(0[1-9]|1[0-2])(-(0[1-9]|[1-2][0-9]|3[0-1])(T([01][0-9]|2[0-3]):[0-5][0-9]:([0-5][0-9]|60)(\\.[0-9]+)?(Z|(\\+|-)((0[0-9]|1[0-3]):[0-5][0-9]|14:00)))?)?)?"
            },
            "description": "When the resource version last changed"
          },
          {
            "name": "family",
            "in": "query",
            "schema": {
              "type": "string"
            },
            "description": "Select Practitioners with the specified family name"
          },
          {
            "name": "given",
            "in": "query",
            "schema": {
              "type": "string"
            },
            "description": "Select Practitioners with the specified given name"
          }
        ]
      }
    },
    "/Practitioner/{rid}": {
      "summary": "Read/Write/etc resource instance of type Practitioner",
      "description": "Access to services to manage the state of a single resource of type Practitioner",
      "get": {
        "summary": "Read the current state of the resource",
        "operationId": "readPractitioner",
        "responses": {
          "default": {
            "description": "Error, with details",
            "content": {
              "application/fhir+json": {
                "schema": {
                  "$ref": "https://hl7.org/fhir/R4/fhir.schema.json#/definitions/OperationOutcome"
                }
              },
              "application/fhir+xml": {
                "schema": {
                  "$ref": "https://hl7.org/fhir/R4/OperationOutcome.xsd"
                }
              }
            }
          },
          "200": {
            "description": "the resource being returned",
            "headers": {
              "ETag": {
                "description": "Version from Resource.meta.version as a weak ETag",
                "schema": {
                  "type": "string"
                }
              }
            },
            "content": {
              "application/fhir+json": {
                "schema": {
                  "$ref": "https://hl7.org/fhir/R4/fhir.schema.json#/definitions/Practitioner"
                }
              },
              "application/fhir+xml": {
                "schema": {
                  "$ref": "https://hl7.org/fhir/R4/Practitioner.xsd"
                }
              }
            }
          }
        },
        "parameters": [
          {
            "$ref": "#/components/parameters/rid"
          },
          {
            "$ref": "#/components/parameters/summary"
          },
          {
            "$ref": "#/components/parameters/format"
          },
          {
            "$ref": "#/components/parameters/pretty"
          },
          {
            "$ref": "#/components/parameters/elements"
          }
        ]
      }
    },
    "/Practitioner/{rid}/_history/{hid}": {
      "summary": "Read a past version of resource instance of type Practitioner",
      "description": "Access a to specified previous version of a single resource of type Practitioner",
      "get": {
        "summary": "Read a past state of the resource",
        "operationId": "vreadPractitioner",
        "responses": {
          "default": {
            "description": "Error, with details",
            "content": {
              "application/fhir+json": {
                "schema": {
                  "$ref": "https://hl7.org/fhir/R4/fhir.schema.json#/definitions/OperationOutcome"
                }
              },
              "application/fhir+xml": {
                "schema": {
                  "$ref": "https://hl7.org/fhir/R4/OperationOutcome.xsd"
                }
              }
            }
          },
          "200": {
            "description": "the resource being returned",
            "headers": {
              "ETag": {
                "description": "Version from Resource.meta.version as a weak ETag for that version",
                "schema": {
                  "type": "string"
                }
              }
            },
            "content": {
              "application/fhir+json": {
                "schema": {
                  "$ref": "https://hl7.org/fhir/R4/fhir.schema.json#/definitions/Practitioner"
                }
              },
              "application/fhir+xml": {
                "schema": {
                  "$ref": "https://hl7.org/fhir/R4/Practitioner.xsd"
                }
              }
            }
          }
        },
        "parameters": [
          {
            "$ref": "#/components/parameters/rid"
          },
          {
            "$ref": "#/components/parameters/hid"
          },
          {
            "$ref": "#/components/parameters/summary"
          },
          {
            "$ref": "#/components/parameters/format"
          },
          {
            "$ref": "#/components/parameters/pretty"
          },
          {
            "$ref": "#/components/parameters/elements"
          }
        ]
      }
    },
    "/PractitionerRole": {
      "summary": "manage the collection of resources of type PractitionerRole",
      "description": "Access to services to manage the collection of all resources of type PractitionerRole",
      "get": {
        "summary": "Search all resources of type PractitionerRole based on a set of criteria",
        "operationId": "searchPractitionerRole",
        "responses": {
          "default": {
            "description": "Error, with details",
            "content": {
              "application/fhir+json": {
                "schema": {
                  "$ref": "https://hl7.org/fhir/R4/fhir.schema.json#/definitions/OperationOutcome"
                }
              },
              "application/fhir+xml": {
                "schema": {
                  "$ref": "https://hl7.org/fhir/R4/OperationOutcome.xsd"
                }
              }
            }
          },
          "200": {
            "description": "the resource being returned",
            "content": {
              "application/fhir+json": {
                "schema": {
                  "$ref": "https://hl7.org/fhir/R4/fhir.schema.json#/definitions/Bundle"
                }
              },
              "application/fhir+xml": {
                "schema": {
                  "$ref": "https://hl7.org/fhir/R4/Bundle.xsd"
                }
              }
            }
          }
        },
        "parameters": [
          {
            "$ref": "#/components/parameters/format"
          },
          {
            "$ref": "#/components/parameters/pretty"
          },
          {
            "$ref": "#/components/parameters/summary"
          },
          {
            "$ref": "#/components/parameters/elements"
          },
          {
            "name": "practitioner",
            "in": "query",
            "schema": {
              "type": "string"
            },
            "description": "Select roles filled by the specified practitioner"
          },
          {
            "name": "organization",
            "in": "query",
            "schema": {
              "type": "string"
            },
            "description": "Select PractitionerRoles available at the specified organization"
          },
          {
            "name": "location",
            "in": "query",
            "schema": {
              "type": "string"
            },
            "description": "Select PractitionerRoles available at the specified location"
          },
          {
            "name": "service",
            "in": "query",
            "schema": {
              "type": "string"
            },
            "description": "Select PractitionerRoles providing the specified service"
          },
          {
            "name": "network",
            "in": "query",
            "schema": {
              "type": "string"
            },
            "description": "Select roles where the practitioner is a member of the specified health insurance provider network"
          },
          {
            "name": "endpoint",
            "in": "query",
            "schema": {
              "type": "string"
            },
            "description": "Select PractitionerRoles with the specified endpoint"
          },
          {
            "name": "role",
            "in": "query",
            "schema": {
              "type": "string"
            },
            "description": "Select PractitionerRoles with the specified role"
          },
          {
            "name": "specialty",
            "in": "query",
            "schema": {
              "type": "string"
            },
            "description": "Select PractitionerRoles associated with the specified specialty"
          },
          {
            "name": "_id",
            "in": "query",
            "schema": {
              "type": "string"
            },
            "description": "Logical id of this artifact"
          },
          {
            "name": "_lastUpdated",
            "in": "query",
            "schema": {
              "type": "string",
              "pattern": "([0-9]([0-9]([0-9][1-9]|[1-9]0)|[1-9]00)|[1-9]000)(-(0[1-9]|1[0-2])(-(0[1-9]|[1-2][0-9]|3[0-1])(T([01][0-9]|2[0-3]):[0-5][0-9]:([0-5][0-9]|60)(\\.[0-9]+)?(Z|(\\+|-)((0[0-9]|1[0-3]):[0-5][0-9]|14:00)))?)?)?"
            },
            "description": "When the resource version last changed"
          }
        ]
      }
    },
    "/PractitionerRole/{rid}": {
      "summary": "Read/Write/etc resource instance of type PractitionerRole",
      "description": "Access to services to manage the state of a single resource of type PractitionerRole",
      "get": {
        "summary": "Read the current state of the resource",
        "operationId": "readPractitionerRole",
        "responses": {
          "default": {
            "description": "Error, with details",
            "content": {
              "application/fhir+json": {
                "schema": {
                  "$ref": "https://hl7.org/fhir/R4/fhir.schema.json#/definitions/OperationOutcome"
                }
              },
              "application/fhir+xml": {
                "schema": {
                  "$ref": "https://hl7.org/fhir/R4/OperationOutcome.xsd"
                }
              }
            }
          },
          "200": {
            "description": "the resource being returned",
            "headers": {
              "ETag": {
                "description": "Version from Resource.meta.version as a weak ETag",
                "schema": {
                  "type": "string"
                }
              }
            },
            "content": {
              "application/fhir+json": {
                "schema": {
                  "$ref": "https://hl7.org/fhir/R4/fhir.schema.json#/definitions/PractitionerRole"
                }
              },
              "application/fhir+xml": {
                "schema": {
                  "$ref": "https://hl7.org/fhir/R4/PractitionerRole.xsd"
                }
              }
            }
          }
        },
        "parameters": [
          {
            "$ref": "#/components/parameters/rid"
          },
          {
            "$ref": "#/components/parameters/summary"
          },
          {
            "$ref": "#/components/parameters/format"
          },
          {
            "$ref": "#/components/parameters/pretty"
          },
          {
            "$ref": "#/components/parameters/elements"
          }
        ]
      }
    },
    "/PractitionerRole/{rid}/_history/{hid}": {
      "summary": "Read a past version of resource instance of type PractitionerRole",
      "description": "Access a to specified previous version of a single resource of type PractitionerRole",
      "get": {
        "summary": "Read a past state of the resource",
        "operationId": "vreadPractitionerRole",
        "responses": {
          "default": {
            "description": "Error, with details",
            "content": {
              "application/fhir+json": {
                "schema": {
                  "$ref": "https://hl7.org/fhir/R4/fhir.schema.json#/definitions/OperationOutcome"
                }
              },
              "application/fhir+xml": {
                "schema": {
                  "$ref": "https://hl7.org/fhir/R4/OperationOutcome.xsd"
                }
              }
            }
          },
          "200": {
            "description": "the resource being returned",
            "headers": {
              "ETag": {
                "description": "Version from Resource.meta.version as a weak ETag for that version",
                "schema": {
                  "type": "string"
                }
              }
            },
            "content": {
              "application/fhir+json": {
                "schema": {
                  "$ref": "https://hl7.org/fhir/R4/fhir.schema.json#/definitions/PractitionerRole"
                }
              },
              "application/fhir+xml": {
                "schema": {
                  "$ref": "https://hl7.org/fhir/R4/PractitionerRole.xsd"
                }
              }
            }
          }
        },
        "parameters": [
          {
            "$ref": "#/components/parameters/rid"
          },
          {
            "$ref": "#/components/parameters/hid"
          },
          {
            "$ref": "#/components/parameters/summary"
          },
          {
            "$ref": "#/components/parameters/format"
          },
          {
            "$ref": "#/components/parameters/pretty"
          },
          {
            "$ref": "#/components/parameters/elements"
          }
        ]
      }
    }
  },
  "components": {
    "parameters": {
      "rid": {
        "name": "rid",
        "in": "path",
        "description": "id of the resource (\u003dResource.id)",
        "required": true,
        "allowEmptyValue": false,
        "style": "simple",
        "schema": {
          "type": "string"
        }
      },
      "hid": {
        "name": "hid",
        "in": "path",
        "description": "id of the history entry (\u003dResource.meta.versionId)",
        "required": true,
        "allowEmptyValue": false,
        "style": "simple",
        "schema": {
          "type": "string"
        }
      },
      "summary": {
        "name": "_summary",
        "in": "query",
        "description": "Requests the server to return a designated subset of the resource",
        "allowEmptyValue": true,
        "style": "form",
        "schema": {
          "type": "string",
          "enum": [
            "true",
            "text",
            "data",
            "count",
            "false"
          ]
        }
      },
      "format": {
        "name": "_format",
        "in": "query",
        "description": "Specify alternative response formats by their MIME-types (when a client is unable acccess accept: header)",
        "allowEmptyValue": true,
        "style": "form",
        "schema": {
          "type": "string",
          "format": "mime-type"
        }
      },
      "pretty": {
        "name": "_pretty",
        "in": "query",
        "description": "Ask for a pretty printed response for human convenience",
        "allowEmptyValue": true,
        "style": "form",
        "schema": {
          "type": "boolean"
        }
      },
      "elements": {
        "name": "_elements",
        "in": "query",
        "description": "Requests the server to return a collection of elements from the resource",
        "allowEmptyValue": true,
        "style": "form",
        "explode": false,
        "schema": {
          "type": "array",
          "format": "string",
          "items": {
            "format": "string"
          }
        }
      },
      "count": {
        "name": "_count",
        "in": "query",
        "description": "The maximum number of search results on a page. The server is not bound to return the number requested, but cannot return more",
        "schema": {
          "type": "number"
        }
      }
    }
  }
}