{"resourceType":"CodeSystem","id":"ProviderRoleCS","text":{"status":"generated","div":"<div xmlns=\"http://www.w3.org/1999/xhtml\"><p>This code system http://hl7.org/fhir/us/national-healthcare-directory/CodeSystem/ProviderRoleCS defines the following codes:</p><table class=\"codes\"><tr><td style=\"white-space:nowrap\"><b>Code</b></td><td><b>Display</b></td><td><b>Definition</b></td></tr><tr><td style=\"white-space:nowrap\">ap<a name=\"ProviderRoleCS-ap\"> </a></td><td>Admitting Privileges</td><td>Practitioner has admitting privileges at hospital (organization)</td></tr><tr><td style=\"white-space:nowrap\">apn<a name=\"ProviderRoleCS-apn\"> </a></td><td>Advanced Practice Nursing Providers</td><td>Advanced Practice Nursing Providers</td></tr><tr><td style=\"white-space:nowrap\">at<a name=\"ProviderRoleCS-at\"> </a></td><td>Athletic Trainer</td><td>Athletic Trainer</td></tr><tr><td style=\"white-space:nowrap\">au<a name=\"ProviderRoleCS-au\"> </a></td><td>Audiologist</td><td>Audiologist</td></tr><tr><td style=\"white-space:nowrap\">bh<a name=\"ProviderRoleCS-bh\"> </a></td><td>Behavioral Health &amp; Social Service Providers</td><td>Behavioral Health &amp; Social Service Providers</td></tr><tr><td style=\"white-space:nowrap\">ba<a name=\"ProviderRoleCS-ba\"> </a></td><td>Board Certified Behavior Analyst</td><td>Board Certified Behavior Analyst</td></tr><tr><td style=\"white-space:nowrap\">bt<a name=\"ProviderRoleCS-bt\"> </a></td><td>Member Of</td><td>Has a relationship of participation with.  This does NOT represent a member of an insurance plan, but other types of membership such as membership of physician in the AMA</td></tr><tr><td style=\"white-space:nowrap\">cnw<a name=\"ProviderRoleCS-cnw\"> </a></td><td>Certified Nurse Midwife</td><td>Certified Nurse Midwife</td></tr><tr><td style=\"white-space:nowrap\">crnp<a name=\"ProviderRoleCS-crnp\"> </a></td><td>Certified Registered Nurse Practitioner</td><td>Certified Registered Nurse Practitioner</td></tr><tr><td style=\"white-space:nowrap\">ch<a name=\"ProviderRoleCS-ch\"> </a></td><td>Chiropractor</td><td>Chiropractor</td></tr><tr><td style=\"white-space:nowrap\">cs<a name=\"ProviderRoleCS-cs\"> </a></td><td>Christian Science Practitioner</td><td>Christian Science Practitioner</td></tr><tr><td style=\"white-space:nowrap\">co<a name=\"ProviderRoleCS-co\"> </a></td><td>Counselor</td><td>Counselor</td></tr><tr><td style=\"white-space:nowrap\">dp<a name=\"ProviderRoleCS-dp\"> </a></td><td>Dental Provider</td><td>Dental Provider</td></tr><tr><td style=\"white-space:nowrap\">de<a name=\"ProviderRoleCS-de\"> </a></td><td>Dentist</td><td>Dentist</td></tr><tr><td style=\"white-space:nowrap\">drr<a name=\"ProviderRoleCS-drr\"> </a></td><td>Developmental, Rehabilitative and Restorative Service Providers</td><td>Developmental, Rehabilitative and Restorative Service Providers</td></tr><tr><td style=\"white-space:nowrap\">dn<a name=\"ProviderRoleCS-dn\"> </a></td><td>Dietary and Nutritional Service Provider</td><td>Dietary and Nutritional Service Provider</td></tr><tr><td style=\"white-space:nowrap\">om<a name=\"ProviderRoleCS-om\"> </a></td><td>Doctor of Oriental Medicine</td><td>Doctor of Oriental Medicine</td></tr><tr><td style=\"white-space:nowrap\">em<a name=\"ProviderRoleCS-em\"> </a></td><td>Emergency Medical Service Provider</td><td>Emergency Medical Service Provider</td></tr><tr><td style=\"white-space:nowrap\">ho<a name=\"ProviderRoleCS-ho\"> </a></td><td>Homeopath</td><td>Homeopath</td></tr><tr><td style=\"white-space:nowrap\">lpn<a name=\"ProviderRoleCS-lpn\"> </a></td><td>Licensed Practical Nurse</td><td>Licensed Practical Nurse</td></tr><tr><td style=\"white-space:nowrap\">mt<a name=\"ProviderRoleCS-mt\"> </a></td><td>Marriage/Family Therapist</td><td>Marriage/Family Therapist</td></tr><tr><td style=\"white-space:nowrap\">ma<a name=\"ProviderRoleCS-ma\"> </a></td><td>Massage Therapist</td><td>Massage Therapist</td></tr><tr><td style=\"white-space:nowrap\">nh<a name=\"ProviderRoleCS-nh\"> </a></td><td>Naprapath</td><td>Naprapath</td></tr><tr><td style=\"white-space:nowrap\">na<a name=\"ProviderRoleCS-na\"> </a></td><td>Naturopath</td><td>Naturopath</td></tr><tr><td style=\"white-space:nowrap\">nu<a name=\"ProviderRoleCS-nu\"> </a></td><td>Nursing Service Related Providers</td><td>Nursing Service Related Providers</td></tr><tr><td style=\"white-space:nowrap\">ot<a name=\"ProviderRoleCS-ot\"> </a></td><td>Occupational Therapist</td><td>Occupational Therapist</td></tr><tr><td style=\"white-space:nowrap\">op<a name=\"ProviderRoleCS-op\"> </a></td><td>Optician</td><td>Optician</td></tr><tr><td style=\"white-space:nowrap\">oo<a name=\"ProviderRoleCS-oo\"> </a></td><td>Optometrist</td><td>Optometrist</td></tr><tr><td style=\"white-space:nowrap\">os<a name=\"ProviderRoleCS-os\"> </a></td><td>Other Service Provider</td><td>Other Service Provider</td></tr><tr><td style=\"white-space:nowrap\">rx<a name=\"ProviderRoleCS-rx\"> </a></td><td>Pharmacy Service Providers</td><td>Pharmacy Service Providers</td></tr><tr><td style=\"white-space:nowrap\">pt<a name=\"ProviderRoleCS-pt\"> </a></td><td>Physical Therapist</td><td>Physical Therapist</td></tr><tr><td style=\"white-space:nowrap\">ph<a name=\"ProviderRoleCS-ph\"> </a></td><td>Physician</td><td>Physician</td></tr><tr><td style=\"white-space:nowrap\">pa<a name=\"ProviderRoleCS-pa\"> </a></td><td>Physician Assistant</td><td>Physician Assistant</td></tr><tr><td style=\"white-space:nowrap\">po<a name=\"ProviderRoleCS-po\"> </a></td><td>Podiatrist</td><td>Podiatrist</td></tr><tr><td style=\"white-space:nowrap\">py<a name=\"ProviderRoleCS-py\"> </a></td><td>Psychologist</td><td>Psychologist</td></tr><tr><td style=\"white-space:nowrap\">rn<a name=\"ProviderRoleCS-rn\"> </a></td><td>Registered Nurse</td><td>Registered Nurse</td></tr><tr><td style=\"white-space:nowrap\">rt<a name=\"ProviderRoleCS-rt\"> </a></td><td>Respiratory Therapist</td><td>Respiratory Therapist</td></tr><tr><td style=\"white-space:nowrap\">sw<a name=\"ProviderRoleCS-sw\"> </a></td><td>Social Worker</td><td>Social Worker</td></tr><tr><td style=\"white-space:nowrap\">sp<a name=\"ProviderRoleCS-sp\"> </a></td><td>Speech Language Pathologist</td><td>Speech Language Pathologist</td></tr><tr><td style=\"white-space:nowrap\">sh<a name=\"ProviderRoleCS-sh\"> </a></td><td>Speech, Language and Hearing Service Providers</td><td>Speech, Language and Hearing Service Providers</td></tr><tr><td style=\"white-space:nowrap\">te<a name=\"ProviderRoleCS-te\"> </a></td><td>Technologists, Technicians and Other Technical Service Providers</td><td>Technologists, Technicians and Other Technical Service Providers</td></tr></table></div>"},"url":"http://hl7.org/fhir/us/national-healthcare-directory/CodeSystem/ProviderRoleCS","version":"0.0.1","name":"ProviderRoleCS","title":"Provider Role Codes","status":"active","date":"2021-11-17T10:46:00-05:00","publisher":"HL7 Patient Administration Working Group","contact":[{"name":"HL7 Patient Administration Working Group","telecom":[{"system":"url","value":"https://www.hl7.org/Special/committees/pafm/index.cfm"},{"system":"email","value":"pafm@lists.HL7.org"}]}],"description":"A capability that an individual, group, or organization is acknowledged to have in a payer network.","jurisdiction":[{"coding":[{"system":"urn:iso:std:iso:3166","code":"US"}]}],"content":"complete","count":41,"concept":[{"code":"ap","display":"Admitting Privileges","definition":"Practitioner has admitting privileges at hospital (organization)"},{"code":"apn","display":"Advanced Practice Nursing Providers","definition":"Advanced Practice Nursing Providers"},{"code":"at","display":"Athletic Trainer","definition":"Athletic Trainer"},{"code":"au","display":"Audiologist","definition":"Audiologist"},{"code":"bh","display":"Behavioral Health & Social Service Providers","definition":"Behavioral Health & Social Service Providers"},{"code":"ba","display":"Board Certified Behavior Analyst","definition":"Board Certified Behavior Analyst"},{"code":"bt","display":"Member Of","definition":"Has a relationship of participation with.  This does NOT represent a member of an insurance plan, but other types of membership such as membership of physician in the AMA"},{"code":"cnw","display":"Certified Nurse Midwife","definition":"Certified Nurse Midwife"},{"code":"crnp","display":"Certified Registered Nurse Practitioner","definition":"Certified Registered Nurse Practitioner"},{"code":"ch","display":"Chiropractor","definition":"Chiropractor"},{"code":"cs","display":"Christian Science Practitioner","definition":"Christian Science Practitioner"},{"code":"co","display":"Counselor","definition":"Counselor"},{"code":"dp","display":"Dental Provider","definition":"Dental Provider"},{"code":"de","display":"Dentist","definition":"Dentist"},{"code":"drr","display":"Developmental, Rehabilitative and Restorative Service Providers","definition":"Developmental, Rehabilitative and Restorative Service Providers"},{"code":"dn","display":"Dietary and Nutritional Service Provider","definition":"Dietary and Nutritional Service Provider"},{"code":"om","display":"Doctor of Oriental Medicine","definition":"Doctor of Oriental Medicine"},{"code":"em","display":"Emergency Medical Service Provider","definition":"Emergency Medical Service Provider"},{"code":"ho","display":"Homeopath","definition":"Homeopath"},{"code":"lpn","display":"Licensed Practical Nurse","definition":"Licensed Practical Nurse"},{"code":"mt","display":"Marriage/Family Therapist","definition":"Marriage/Family Therapist"},{"code":"ma","display":"Massage Therapist","definition":"Massage Therapist"},{"code":"nh","display":"Naprapath","definition":"Naprapath"},{"code":"na","display":"Naturopath","definition":"Naturopath"},{"code":"nu","display":"Nursing Service Related Providers","definition":"Nursing Service Related Providers"},{"code":"ot","display":"Occupational Therapist","definition":"Occupational Therapist"},{"code":"op","display":"Optician","definition":"Optician"},{"code":"oo","display":"Optometrist","definition":"Optometrist"},{"code":"os","display":"Other Service Provider","definition":"Other Service Provider"},{"code":"rx","display":"Pharmacy Service Providers","definition":"Pharmacy Service Providers"},{"code":"pt","display":"Physical Therapist","definition":"Physical Therapist"},{"code":"ph","display":"Physician","definition":"Physician"},{"code":"pa","display":"Physician Assistant","definition":"Physician Assistant"},{"code":"po","display":"Podiatrist","definition":"Podiatrist"},{"code":"py","display":"Psychologist","definition":"Psychologist"},{"code":"rn","display":"Registered Nurse","definition":"Registered Nurse"},{"code":"rt","display":"Respiratory Therapist","definition":"Respiratory Therapist"},{"code":"sw","display":"Social Worker","definition":"Social Worker"},{"code":"sp","display":"Speech Language Pathologist","definition":"Speech Language Pathologist"},{"code":"sh","display":"Speech, Language and Hearing Service Providers","definition":"Speech, Language and Hearing Service Providers"},{"code":"te","display":"Technologists, Technicians and Other Technical Service Providers","definition":"Technologists, Technicians and Other Technical Service Providers"}]}