{"resourceType":"CodeSystem","id":"DeliveryMethodCS","text":{"status":"generated","div":"<div xmlns=\"http://www.w3.org/1999/xhtml\"><p>This code system http://hl7.org/fhir/us/national-healthcare-directory/CodeSystem/DeliveryMethodCS defines the following codes:</p><table class=\"codes\"><tr><td style=\"white-space:nowrap\"><b>Code</b></td><td><b>Display</b></td><td><b>Definition</b></td></tr><tr><td style=\"white-space:nowrap\">virtual<a name=\"DeliveryMethodCS-virtual\"> </a></td><td>Virtual</td><td>Delivery not requiring provider and patient to be physically co-located, such as tele-medicine</td></tr><tr><td style=\"white-space:nowrap\">physical<a name=\"DeliveryMethodCS-physical\"> </a></td><td>Physical</td><td>Traditional delivery requiring provider and patient to be physically co-located.</td></tr></table></div>"},"url":"http://hl7.org/fhir/us/national-healthcare-directory/CodeSystem/DeliveryMethodCS","version":"1.0.0","name":"DeliveryMethodCS","title":"Delivery Methods","status":"active","date":"2021-10-21T11:12:19-04:00","publisher":"HL7 Patient Administration Working Group","contact":[{"name":"HL7 Patient Administration Working Group","telecom":[{"system":"url","value":"https://www.hl7.org/Special/committees/pafm/index.cfm"},{"system":"email","value":"pafm@lists.HL7.org"}]}],"description":"Categories of healthcare service delivery methods.","jurisdiction":[{"coding":[{"system":"urn:iso:std:iso:3166","code":"US"}]}],"content":"complete","count":2,"concept":[{"code":"virtual","display":"Virtual","definition":"Delivery not requiring provider and patient to be physically co-located, such as tele-medicine"},{"code":"physical","display":"Physical","definition":"Traditional delivery requiring provider and patient to be physically co-located."}]}