{"resourceType":"SearchParameter","id":"healthcareservice-specialty","url":"http://hl7.org/fhir/us/davinci-pdex-NatlDir/SearchParameter/healthcareservice-specialty","version":"1.0.0","name":"NatlDir_sp_healthcareservice_specialty","derivedFrom":"http://hl7.org/fhir/SearchParameter/HealthcareService-specialty","status":"active","date":"2018-05-23T00:00:00+00:00","publisher":"HL7 Patient Administration Working Group","contact":[{"name":"HL7 Patient Administration Working Group","telecom":[{"system":"url","value":"https://www.hl7.org/Special/committees/pafm/index.cfm"},{"system":"email","value":"pafm@lists.HL7.org"}]}],"description":"Select services associated with the specified specialty","jurisdiction":[{"coding":[{"system":"urn:iso:std:iso:3166","code":"US"}]}],"code":"specialty","base":["HealthcareService"],"type":"token","expression":"HealthcareService.specialty","multipleOr":true,"multipleAnd":true,"modifier":["text"]}