{"resourceType":"SearchParameter","id":"practitionerrole-network","url":"http://hl7.org/fhir/us/davinci-pdex-NatlDir/SearchParameter/practitionerrole-network","version":"1.0.0","name":"NatlDir_sp_practitionerrole_network","status":"active","date":"2018-05-23T00:00:00+00:00","publisher":"HL7 Patient Administration Working Group","contact":[{"name":"HL7 Patient Administration Working Group","telecom":[{"system":"url","value":"https://www.hl7.org/Special/committees/pafm/index.cfm"},{"system":"email","value":"pafm@lists.HL7.org"}]}],"description":"Select roles where the practitioner is a member of the specified health insurance provider network","jurisdiction":[{"coding":[{"system":"urn:iso:std:iso:3166","code":"US"}]}],"code":"network","base":["PractitionerRole"],"type":"reference","expression":"PractitionerRole.extension.where(url='http://hl7.org/fhir/us/davinci-pdex-NatlDir/StructureDefinition/network-reference')","target":["Organization"],"multipleOr":true,"multipleAnd":true,"chain":["name","address","partof","type"]}