{"resourceType":"SearchParameter","id":"practitionerrole-location","url":"http://hl7.org/fhir/us/davinci-pdex-NatlDir/SearchParameter/practitionerrole-location","version":"1.0.0","name":"NatlDir_sp_practitionerrole_location","derivedFrom":"http://hl7.org/fhir/SearchParameter/PractitionerRole-location","status":"active","date":"2018-05-23T00:00:00+00:00","publisher":"HL7 Patient Administration Working Group","contact":[{"name":"HL7 Patient Administration Working Group","telecom":[{"system":"url","value":"https://www.hl7.org/Special/committees/pafm/index.cfm"},{"system":"email","value":"pafm@lists.HL7.org"}]}],"description":"Select PractitionerRoles available at the specified location","jurisdiction":[{"coding":[{"system":"urn:iso:std:iso:3166","code":"US"}]}],"code":"location","base":["PractitionerRole"],"type":"reference","expression":"PractitionerRole.location","target":["Location"],"multipleOr":true,"multipleAnd":true,"chain":["address","address-postalcode","address-city","address-state","organization","type"]}