{"resourceType":"SearchParameter","id":"location-endpoint","url":"http://hl7.org/fhir/us/davinci-pdex-NatlDir/SearchParameter/location-endpoint","version":"1.0.0","name":"NatlDir_sp_location_endpoint","derivedFrom":"http://hl7.org/fhir/SearchParameter/Location-endpoint","status":"draft","date":"2018-05-23T00:00:00+00:00","publisher":"HL7 Patient Administration Working Group","contact":[{"name":"HL7 Patient Administration Working Group","telecom":[{"system":"url","value":"https://www.hl7.org/Special/committees/pafm/index.cfm"},{"system":"email","value":"pafm@lists.HL7.org"}]}],"description":"Select Locations with the specified endpoint","jurisdiction":[{"coding":[{"system":"urn:iso:std:iso:3166","code":"US"}]}],"code":"endpoint","base":["Location"],"type":"reference","expression":"Location.endpoint","target":["Endpoint"],"multipleOr":true,"multipleAnd":true,"chain":["organization"]}