{"resourceType":"SearchParameter","id":"healthcareservice-name","url":"http://hl7.org/fhir/us/davinci-pdex-NatlDir/SearchParameter/healthcareservice-name","version":"1.0.0","name":"NatlDir_sp_healthcareservice_name","derivedFrom":"http://hl7.org/fhir/SearchParameter/HealthcareService-name","status":"active","date":"2018-05-23T00:00:00+00:00","publisher":"HL7 Patient Administration Working Group","contact":[{"name":"HL7 Patient Administration Working Group","telecom":[{"system":"url","value":"https://www.hl7.org/Special/committees/pafm/index.cfm"},{"system":"email","value":"pafm@lists.HL7.org"}]}],"description":"Select HealthcareServices with the specified name","jurisdiction":[{"coding":[{"system":"urn:iso:std:iso:3166","code":"US"}]}],"code":"name","base":["HealthcareService"],"type":"string","expression":"HealthcareService.name","multipleOr":true,"multipleAnd":true,"modifier":["exact","contains"]}