{"resourceType":"SearchParameter","id":"organization-partof","url":"http://hl7.org/fhir/us/davinci-pdex-NatlDir/SearchParameter/organization-partof","version":"1.0.0","name":"NatlDir_sp_organization_partof","derivedFrom":"http://hl7.org/fhir/SearchParameter/Organization-partof","status":"active","date":"2018-05-23T00:00:00+00:00","publisher":"HL7 Patient Administration Working Group","contact":[{"name":"HL7 Patient Administration Working Group","telecom":[{"system":"url","value":"https://www.hl7.org/Special/committees/pafm/index.cfm"},{"system":"email","value":"pafm@lists.HL7.org"}]}],"description":"Select Organizations that are part of the specified organization","jurisdiction":[{"coding":[{"system":"urn:iso:std:iso:3166","code":"US"}]}],"code":"partof","base":["Organization"],"type":"reference","expression":"Organization.partOf","target":["Organization"],"multipleOr":true,"multipleAnd":true,"chain":["name","address","type"]}