{"resourceType":"SearchParameter","id":"location-type","url":"http://hl7.org/fhir/us/davinci-pdex-NatlDir/SearchParameter/location-type","version":"1.0.0","name":"NatlDir_sp_location_type","derivedFrom":"http://hl7.org/fhir/SearchParameter/Location-type","status":"active","date":"2018-05-23T00:00:00+00:00","publisher":"HL7 Patient Administration Working Group","contact":[{"name":"HL7 Patient Administration Working Group","telecom":[{"system":"url","value":"https://www.hl7.org/Special/committees/pafm/index.cfm"},{"system":"email","value":"pafm@lists.HL7.org"}]}],"description":"Select Locations of the specified type","jurisdiction":[{"coding":[{"system":"urn:iso:std:iso:3166","code":"US"}]}],"code":"type","base":["Location"],"type":"token","expression":"Location.type","multipleOr":true,"multipleAnd":true,"modifier":["text"]}