{"resourceType":"SearchParameter","id":"organization-address","url":"http://hl7.org/fhir/us/davinci-pdex-NatlDir/SearchParameter/organization-address","version":"1.0.0","name":"NatlDir_sp_organization_address","derivedFrom":"http://hl7.org/fhir/SearchParameter/Organization-address","status":"active","date":"2018-05-23T00:00:00+00:00","publisher":"HL7 Patient Administration Working Group","contact":[{"name":"HL7 Patient Administration Working Group","telecom":[{"system":"url","value":"https://www.hl7.org/Special/committees/pafm/index.cfm"},{"system":"email","value":"pafm@lists.HL7.org"}]}],"description":"Select organizations with the specified address (matches any of the string elements of an address)","jurisdiction":[{"coding":[{"system":"urn:iso:std:iso:3166","code":"US"}]}],"code":"address","base":["Organization"],"type":"string","expression":"Organization.address","multipleOr":true,"multipleAnd":true,"modifier":["exact","contains"]}