{"resourceType":"SearchParameter","id":"insuranceplan-coverage-area","url":"http://hl7.org/fhir/us/davinci-pdex-NatlDir/SearchParameter/insuranceplan-coverage-area","version":"1.0.0","name":"NatlDir_sp_insuranceplan_coverage_area","status":"active","date":"2018-05-23T00:00:00+00:00","publisher":"HL7 Patient Administration Working Group","contact":[{"name":"HL7 Patient Administration Working Group","telecom":[{"system":"url","value":"https://www.hl7.org/Special/committees/pafm/index.cfm"},{"system":"email","value":"pafm@lists.HL7.org"}]}],"description":"Select products that are offered in the specified location","jurisdiction":[{"coding":[{"system":"urn:iso:std:iso:3166","code":"US"}]}],"code":"coverage-area","base":["InsurancePlan"],"type":"reference","expression":"InsurancePlan.coverageArea","target":["Location"],"multipleOr":true,"multipleAnd":true}