{"resourceType":"SearchParameter","id":"insuranceplan-administered-by","url":"http://hl7.org/fhir/us/davinci-pdex-NatlDir/SearchParameter/insuranceplan-administered-by","version":"1.0.0","name":"NatlDir_sp_insuranceplan_administered_by","derivedFrom":"http://hl7.org/fhir/SearchParameter/InsurancePlan-administered-by","status":"active","date":"2018-05-23T00:00:00+00:00","publisher":"HL7 Patient Administration Working Group","contact":[{"name":"HL7 Patient Administration Working Group","telecom":[{"system":"url","value":"https://www.hl7.org/Special/committees/pafm/index.cfm"},{"system":"email","value":"pafm@lists.HL7.org"}]}],"description":"Select products that are administered by the specified organization","jurisdiction":[{"coding":[{"system":"urn:iso:std:iso:3166","code":"US"}]}],"code":"administered-by","base":["InsurancePlan"],"type":"reference","expression":"InsurancePlan.administeredBy","target":["Organization"],"multipleOr":true,"multipleAnd":true,"chain":["name","partof"]}