{"resourceType":"SearchParameter","id":"organization-endpoint","url":"http://hl7.org/fhir/us/davinci-pdex-NatlDir/SearchParameter/organization-endpoint","version":"1.0.0","name":"NatlDir_sp_organization_endpoint","derivedFrom":"http://hl7.org/fhir/SearchParameter/Organization-endpoint","status":"active","date":"2018-05-23T00:00:00+00:00","publisher":"HL7 Patient Administration Working Group","contact":[{"name":"HL7 Patient Administration Working Group","telecom":[{"system":"url","value":"https://www.hl7.org/Special/committees/pafm/index.cfm"},{"system":"email","value":"pafm@lists.HL7.org"}]}],"description":"Select Organizations with the specified endpoint","jurisdiction":[{"coding":[{"system":"urn:iso:std:iso:3166","code":"US"}]}],"code":"endpoint","base":["Organization"],"type":"reference","expression":"Organization.endpoint","target":["Endpoint"],"multipleOr":true,"multipleAnd":true,"chain":["organization"]}