{"resourceType":"SearchParameter","id":"location-partof","url":"http://hl7.org/fhir/us/davinci-pdex-NatlDir/SearchParameter/location-partof","version":"1.0.0","name":"NatlDir_sp_location_partof","derivedFrom":"http://hl7.org/fhir/SearchParameter/Location-partof","status":"active","date":"2018-05-23T00:00:00+00:00","publisher":"HL7 Patient Administration Working Group","contact":[{"name":"HL7 Patient Administration Working Group","telecom":[{"system":"url","value":"https://www.hl7.org/Special/committees/pafm/index.cfm"},{"system":"email","value":"pafm@lists.HL7.org"}]}],"description":"Select Locations that are part of the specified location","jurisdiction":[{"coding":[{"system":"urn:iso:std:iso:3166","code":"US"}]}],"code":"partof","base":["Location"],"type":"reference","expression":"Location.partOf","target":["Location"],"multipleOr":true,"multipleAnd":true,"chain":["type","address","organization"]}