{"resourceType":"SearchParameter","id":"endpoint-organization","url":"http://hl7.org/fhir/us/davinci-pdex-NatlDir/SearchParameter/endpoint-organization","version":"1.0.0","name":"NatlDir_sp_endpoint_organization","derivedFrom":"http://hl7.org/fhir/SearchParameter/Endpoint-organization","status":"active","date":"2018-05-23T00:00:00+00:00","publisher":"HL7 Patient Administration Working Group","contact":[{"name":"HL7 Patient Administration Working Group","telecom":[{"system":"url","value":"https://www.hl7.org/Special/committees/pafm/index.cfm"},{"system":"email","value":"pafm@lists.HL7.org"}]}],"description":"Select Endpoints managed by the specified organization","jurisdiction":[{"coding":[{"system":"urn:iso:std:iso:3166","code":"US"}]}],"code":"organization","base":["Endpoint"],"type":"reference","expression":"Endpoint.managingOrganization","target":["Organization"],"multipleOr":true,"multipleAnd":true,"chain":["name","address","partof","type"]}