{"resourceType":"SearchParameter","id":"organizationaffiliation-primary-organization","url":"http://hl7.org/fhir/us/davinci-pdex-NatlDir/SearchParameter/organizationaffiliation-primary-organization","version":"1.0.0","name":"NatlDir_sp_organizationaffiliation_primary_organization","derivedFrom":"http://hl7.org/fhir/SearchParameter/OrganizationAffiliation-primary-organization","status":"active","date":"2018-05-23T00:00:00+00:00","publisher":"HL7 Patient Administration Working Group","contact":[{"name":"HL7 Patient Administration Working Group","telecom":[{"system":"url","value":"https://www.hl7.org/Special/committees/pafm/index.cfm"},{"system":"email","value":"pafm@lists.HL7.org"}]}],"description":"Select roles offered by the specified organization","jurisdiction":[{"coding":[{"system":"urn:iso:std:iso:3166","code":"US"}]}],"code":"primary-organization","base":["OrganizationAffiliation"],"type":"reference","expression":"OrganizationAffiliation.organization","target":["Organization"],"multipleOr":true,"multipleAnd":true,"chain":["type","address","name","partof"]}