{"resourceType":"SearchParameter","id":"organizationaffiliation-role","url":"http://hl7.org/fhir/us/davinci-pdex-NatlDir/SearchParameter/organizationaffiliation-role","version":"1.0.0","name":"NatlDir_sp_organizationaffiliation_role","derivedFrom":"http://hl7.org/fhir/SearchParameter/OrganizationAffiliation-role","status":"active","date":"2018-05-23T00:00:00+00:00","publisher":"HL7 Patient Administration Working Group","contact":[{"name":"HL7 Patient Administration Working Group","telecom":[{"system":"url","value":"https://www.hl7.org/Special/committees/pafm/index.cfm"},{"system":"email","value":"pafm@lists.HL7.org"}]}],"description":"Select OrganizationAffiliations with the specified role","jurisdiction":[{"coding":[{"system":"urn:iso:std:iso:3166","code":"US"}]}],"code":"role","base":["OrganizationAffiliation"],"type":"token","expression":"OrganizationAffiliation.code","multipleOr":true,"multipleAnd":true,"modifier":["text"]}