{"resourceType":"ValueSet","id":"PractitionerRoleVS","text":{"status":"generated","div":"<div xmlns=\"http://www.w3.org/1999/xhtml\"><p>This value set includes codes based on the following rules:</p><ul><li>Include all codes defined in <a href=\"CodeSystem-ProviderRoleCS.html\"><code>http://hl7.org/fhir/us/national-healthcare-directory/CodeSystem/ProviderRoleCS</code></a></li><li>Include all codes defined in <a href=\"http://terminology.hl7.org/2.1.0/CodeSystem-practitioner-role.html\"><code>http://terminology.hl7.org/CodeSystem/practitioner-role</code></a></li></ul></div>"},"url":"http://hl7.org/fhir/us/national-healthcare-directory/ValueSet/PractitionerRoleVS","version":"1.0.0","name":"PractitionerRoleVS","title":"PractitionerRole Code","status":"active","date":"2021-10-29T10:58:57-04:00","publisher":"HL7 Patient Administration Working Group","contact":[{"name":"HL7 Patient Administration Working Group","telecom":[{"system":"url","value":"https://www.hl7.org/Special/committees/pafm/index.cfm"},{"system":"email","value":"pafm@lists.HL7.org"}]}],"description":"Codes for the capabilities that an individual, group, or organization is acknowledged to have in a payer network, including general codes from the HL7 PractitionerRole Code System.","jurisdiction":[{"coding":[{"system":"urn:iso:std:iso:3166","code":"US"}]}],"compose":{"include":[{"system":"http://hl7.org/fhir/us/national-healthcare-directory/CodeSystem/ProviderRoleCS"},{"system":"http://terminology.hl7.org/CodeSystem/practitioner-role"}]}}