{"resourceType":"ValueSet","id":"AcceptingPatientsVS","text":{"status":"generated","div":"<div xmlns=\"http://www.w3.org/1999/xhtml\"><ul><li>Include all codes defined in <a href=\"CodeSystem-AcceptingPatientsCS.html\"><code>http://hl7.org/fhir/us/national-healthcare-directory/CodeSystem/AcceptingPatientsCS</code></a></li></ul></div>"},"url":"http://hl7.org/fhir/us/national-healthcare-directory/ValueSet/AcceptingPatientsVS","version":"1.0.0","name":"AcceptingPatientsVS","title":"Accepting Patients Codes","status":"active","date":"2021-10-21T11:12:19-04:00","publisher":"HL7 Patient Administration Working Group","contact":[{"name":"HL7 Patient Administration Working Group","telecom":[{"system":"url","value":"https://www.hl7.org/Special/committees/pafm/index.cfm"},{"system":"email","value":"pafm@lists.HL7.org"}]}],"description":"Codes to identify if the practice is accepting new patients","jurisdiction":[{"coding":[{"system":"urn:iso:std:iso:3166","code":"US"}]}],"compose":{"include":[{"system":"http://hl7.org/fhir/us/national-healthcare-directory/CodeSystem/AcceptingPatientsCS"}]}}