{"resourceType":"ValueSet","id":"LanguageProficiencyVS","text":{"status":"generated","div":"<div xmlns=\"http://www.w3.org/1999/xhtml\"><ul><li>Include all codes defined in <a href=\"CodeSystem-LanguageProficiencyCS.html\"><code>http://hl7.org/fhir/us/national-healthcare-directory/CodeSystem/LanguageProficiencyCS</code></a></li></ul></div>"},"url":"http://hl7.org/fhir/us/national-healthcare-directory/ValueSet/LanguageProficiencyVS","version":"1.0.0","name":"LanguageProficiencyVS","title":"Language Proficiency","status":"active","date":"2021-10-29T10:58:57-04:00","publisher":"HL7 Patient Administration Working Group","contact":[{"name":"HL7 Patient Administration Working Group","telecom":[{"system":"url","value":"https://www.hl7.org/Special/committees/pafm/index.cfm"},{"system":"email","value":"pafm@lists.HL7.org"}]}],"description":"Codes for documenting spoken language proficiency based on the Interagency Language Roundtable scale of abilities to communicate in a language.","jurisdiction":[{"coding":[{"system":"urn:iso:std:iso:3166","code":"US"}]}],"compose":{"include":[{"system":"http://hl7.org/fhir/us/national-healthcare-directory/CodeSystem/LanguageProficiencyCS"}]}}