{"resourceType":"ValueSet","id":"InsuranceProductTypeVS","text":{"status":"generated","div":"<div xmlns=\"http://www.w3.org/1999/xhtml\"><ul><li>Include all codes defined in <a href=\"CodeSystem-InsuranceProductTypeCS.html\"><code>http://hl7.org/fhir/us/national-healthcare-directory/CodeSystem/InsuranceProductTypeCS</code></a></li></ul></div>"},"url":"http://hl7.org/fhir/us/national-healthcare-directory/ValueSet/InsuranceProductTypeVS","version":"0.0.1","name":"InsuranceProductTypeVS","title":"Insurance Product Type","status":"active","date":"2021-11-17T10:46:00-05:00","publisher":"HL7 Patient Administration Working Group","contact":[{"name":"HL7 Patient Administration Working Group","telecom":[{"system":"url","value":"https://www.hl7.org/Special/committees/pafm/index.cfm"},{"system":"email","value":"pafm@lists.HL7.org"}]}],"description":"A distinct package of health insurance coverage benefits that are offered using a particular product network type.","jurisdiction":[{"coding":[{"system":"urn:iso:std:iso:3166","code":"US"}]}],"compose":{"include":[{"system":"http://hl7.org/fhir/us/national-healthcare-directory/CodeSystem/InsuranceProductTypeCS"}]}}