{"resourceType":"ValueSet","id":"EndpointPayloadTypeVS","text":{"status":"extensions","div":"<div xmlns=\"http://www.w3.org/1999/xhtml\"><ul><li>Include these codes as defined in <a href=\"CodeSystem-EndpointPayloadTypeCS.html\"><code>http://hl7.org/fhir/us/national-healthcare-directory/CodeSystem/EndpointPayloadTypeCS</code></a><table class=\"none\"><tr><td style=\"white-space:nowrap\"><b>Code</b></td><td><b>Display</b></td><td><b>Definition</b></td></tr><tr><td><a href=\"CodeSystem-EndpointPayloadTypeCS.html#EndpointPayloadTypeCS-NA\">NA</a></td><td>Not Applicable</td><td>Not Applicable</td></tr></table></li></ul></div>"},"url":"http://hl7.org/fhir/us/national-healthcare-directory/ValueSet/EndpointPayloadTypeVS","version":"0.0.1","name":"EndpointPayloadTypeVS","title":"Endpoint Payload Types","status":"active","date":"2021-11-17T10:46:00-05:00","publisher":"HL7 Patient Administration Working Group","contact":[{"name":"HL7 Patient Administration Working Group","telecom":[{"system":"url","value":"https://www.hl7.org/Special/committees/pafm/index.cfm"},{"system":"email","value":"pafm@lists.HL7.org"}]}],"description":"Endpoint Payload Types are constrained to NA (Not Applicable) as part of this IG","jurisdiction":[{"coding":[{"system":"urn:iso:std:iso:3166","code":"US"}]}],"compose":{"include":[{"system":"http://hl7.org/fhir/us/national-healthcare-directory/CodeSystem/EndpointPayloadTypeCS","concept":[{"code":"NA","display":"Not Applicable"}]}]}}