{
  "resourceType": "CapabilityStatement",
  "id": "NatlDir",
  "text": {
    "status": "generated",
    "div": "<div xmlns=\"http://www.w3.org/1999/xhtml\"><h2 id=\"title\">NatlDir CapabilityStatement</h2><ul><li>Implementation Guide Version: 1.0.0</li><li>FHIR Version: 4.0.1</li><li>Supported formats: xml, json</li><li>Published: 2020-11-19</li><li>Published by: HL7 Financial Management Working Group (FM WG)</li></ul><p>This Section describes the expected capabilities of the NatlDir Server actor which is responsible for providing responses to the queries submitted by the NatlDir Requestors. The complete list of FHIR profiles, RESTful operations, and search parameters supported by NatlDir Servers are defined. Systems implementing this capability statement should meet the CMS FInal Rule requirement for provider directory access.  NatlDir  Clients can use the required capabilities to access necessary data based on their local use cases and other contextual requirements.</p><h3 id=\"behavior\">FHIR RESTful Capabilities</h3><p>The NatlDir  Server <strong>SHALL</strong>:</p><ol><li>Support all profiles defined in this Implementation Guide..</li><li>Implement the RESTful behavior according to the FHIR specification.</li><li>Return the following response classes:\n<ul><li>(Status 400): invalid parameter</li><li>(Status 401/4xx): unauthorized request</li><li>(Status 403): insufficient scope</li><li>(Status 404): unknown resource</li><li>(Status 410): deleted resource.</li></ul>\n</li><li>Support json source formats for all NatlDir interactions.</li><li>Identify the NatlDir  profiles supported as part of the FHIR <code>meta.profile</code> attribute for each instance.</li><li>Support the searchParameters on each profile  individually and in combination.\n1.Support forward and reverse chaining on all search parameters that specify the 'chain' property</li></ol><p>The NatlDir  Server <strong>SHOULD</strong>:</p><ol><li>Support xml source formats for all NatlDir  interactions.</li></ol><p id=\"security\"><strong>Security:</strong></p><ol><li>See the <a href=\"implementation.html#general-security-considerations\">General Security Considerations</a> section for requirements and recommendations.</li><li>A server <strong>SHALL</strong> reject any unauthorized requests by returning an <code>HTTP 401</code> unauthorized response code.</li></ol><h3 id=\"resource--details\" class=\"no_toc\">RESTful Capabilities by Resource/Profile:</h3><p><strong>Summary of Search Criteria</strong></p><table class=\"grid\"><thead><tr><th>Resource Type</th><th>Supported Profiles</th><th>Supported Searches</th><th>Supported <code>_includes</code></th><th>Supported <code>_revincludes</code></th><th>Supported Operations</th></tr></thead><tbody><tr><td><a href=\"#endpoint\">Endpoint</a></td><td><a href=\"StructureDefinition-NatlDir-Endpoint.html\">NatlDir Endpoint</a></td><td>\n\t\t\t\t\t\t\t\n\t\t\t\t\t\t\torganization, _id, _lastUpdated\n\t\t\t\t\t\t\t\n\t\t\t\t\t\t\t\n\t\t\t\t\t\t\t\n\t\t\t\t\t\t</td><td>\n\t\t\t\t\t\t\tEndpoint:organization\n\t\t\t\t\t\t</td><td>\n              \n            </td><td>\n\t\t\t\t\t\t\t\n\t\t\t\t\t\t</td></tr><tr><td><a href=\"#healthcareservice\">HealthcareService</a></td><td><a href=\"StructureDefinition-NatlDir-HealthcareService.html\">NatlDir HealthcareService</a></td><td>\n\t\t\t\t\t\t\t\n\t\t\t\t\t\t\tlocation, coverage-area, organization, endpoint, name, service-category, service-type, specialty, _id, _lastUpdated\n\t\t\t\t\t\t\t\n\t\t\t\t\t\t\t\n\t\t\t\t\t\t\t\n\t\t\t\t\t\t</td><td>\n\t\t\t\t\t\t\tHealthcareService:location, HealthcareService:coverage-area, HealthcareService:organization, HealthcareService:endpoint\n\t\t\t\t\t\t</td><td>\n              PractitionerRole:service, OrganizationAffiliation:service\n            </td><td>\n\t\t\t\t\t\t\t\n\t\t\t\t\t\t</td></tr><tr><td><a href=\"#insuranceplan\">InsurancePlan</a></td><td><a href=\"StructureDefinition-NatlDir-InsurancePlan.html\">NatlDir InsurancePlan</a></td><td>\n\t\t\t\t\t\t\t\n\t\t\t\t\t\t\tadministered-by, owned-by, coverage-area, name, plan-type, identifier, _id, _lastUpdated, type\n\t\t\t\t\t\t\t\n\t\t\t\t\t\t\t\n\t\t\t\t\t\t\t\n\t\t\t\t\t\t</td><td>\n\t\t\t\t\t\t\tInsurancePlan:administered-by, InsurancePlan:owned-by, InsurancePlan:coverage-area\n\t\t\t\t\t\t</td><td>\n              \n            </td><td>\n\t\t\t\t\t\t\t\n\t\t\t\t\t\t</td></tr><tr><td><a href=\"#location\">Location</a></td><td><a href=\"StructureDefinition-NatlDir-Location.html\">NatlDir Location</a></td><td>\n\t\t\t\t\t\t\t\n\t\t\t\t\t\t\tpartof, organization, endpoint, address-city, address-state, address-postalcode, address, type, _id, _lastUpdated\n\t\t\t\t\t\t\t\n\t\t\t\t\t\t\t\n\t\t\t\t\t\t\t\n\t\t\t\t\t\t</td><td>\n\t\t\t\t\t\t\tLocation:endpoint, Location:organization, Location:partof\n\t\t\t\t\t\t</td><td>\n              HealthcareService:location, InsurancePlan:coverage-area, OrganizationAffiliation:location, PractitionerRole:location\n            </td><td>\n\t\t\t\t\t\t\t\n\t\t\t\t\t\t</td></tr><tr><td><a href=\"#organization\">Organization</a></td><td><a href=\"StructureDefinition-NatlDir-Network.html\">NatlDir Network</a>, \n\n\t\t\t\t\t\t<a href=\"StructureDefinition-NatlDir-Organization.html\">NatlDir Organization</a></td><td>\n\t\t\t\t\t\t\t\n\t\t\t\t\t\t\tpartof, endpoint, address, name, _id, _lastUpdated, type, coverage-area\n\t\t\t\t\t\t\t\n\t\t\t\t\t\t\t\n\t\t\t\t\t\t\t\n\t\t\t\t\t\t</td><td>\n\t\t\t\t\t\t\tOrganization:partof, Organization:endpoint, Organization:coverage-area\n\t\t\t\t\t\t</td><td>\n              Endpoint:organization, HealthcareService:organization, InsurancePlan:administered-by, InsurancePlan:owned-by, OrganizationAffiliation:primary-organization, PractitionerRole:organization, PractitionerRole:network, OrganizationAffiliation:participating-organization\n            </td><td>\n\t\t\t\t\t\t\t\n\t\t\t\t\t\t</td></tr><tr><td><a href=\"#organizationaffiliation\">OrganizationAffiliation</a></td><td><a href=\"StructureDefinition-NatlDir-OrganizationAffiliation.html\">NatlDir OrganizationAffiliation</a></td><td>\n\t\t\t\t\t\t\t\n\t\t\t\t\t\t\tprimary-organization, participating-organization, location, service, network, endpoint, role, specialty, _id, _lastUpdated\n\t\t\t\t\t\t\t\n\t\t\t\t\t\t\t\n\t\t\t\t\t\t\t\n\t\t\t\t\t\t</td><td>\n\t\t\t\t\t\t\tOrganizationAffiliation:primary-organization, OrganizationAffiliation:participating-organization, OrganizationAffiliation:location, OrganizationAffiliation:service, OrganizationAffiliation:endpoint, OrganizationAffiliation:network\n\t\t\t\t\t\t</td><td>\n              \n            </td><td>\n\t\t\t\t\t\t\t\n\t\t\t\t\t\t</td></tr><tr><td><a href=\"#practitioner\">Practitioner</a></td><td><a href=\"StructureDefinition-NatlDir-Practitioner.html\">NatlDir Practitioner</a></td><td>\n\t\t\t\t\t\t\t\n\t\t\t\t\t\t\tname, _id, _lastUpdated, family, given\n\t\t\t\t\t\t\t\n\t\t\t\t\t\t\t\n\t\t\t\t\t\t\t\n\t\t\t\t\t\t</td><td>\n\t\t\t\t\t\t\t\n\t\t\t\t\t\t</td><td>\n              PractitionerRole:practitioner\n            </td><td>\n\t\t\t\t\t\t\t\n\t\t\t\t\t\t</td></tr><tr><td><a href=\"#practitionerrole\">PractitionerRole</a></td><td><a href=\"StructureDefinition-NatlDir-PractitionerRole.html\">NatlDir PractitionerRole</a></td><td>\n\t\t\t\t\t\t\t\n\t\t\t\t\t\t\tpractitioner, organization, location, service, network, endpoint, role, specialty, _id, _lastUpdated\n\t\t\t\t\t\t\t\n\t\t\t\t\t\t\t\n\t\t\t\t\t\t\t\n\t\t\t\t\t\t</td><td>\n\t\t\t\t\t\t\tPractitionerRole:practitioner, PractitionerRole:organization, PractitionerRole:location, PractitionerRole:service, PractitionerRole:network, PractitionerRole:endpoint\n\t\t\t\t\t\t</td><td>\n              \n            </td><td>\n\t\t\t\t\t\t\t\n\t\t\t\t\t\t</td></tr></tbody></table><br/><h4 id=\"endpoint\" class=\"no_toc\">Endpoint</h4><p>Conformance Expectation:\t<strong>SHALL</strong></p><p>Supported Profiles:\n\t\t\t\t\n\t\t\t\t\t\t\t\t\t\t\t<a href=\"StructureDefinition-NatlDir-Endpoint.html\">NatlDir Endpoint</a>\n\t\t\t\t\n\t\t\t\t</p><p>Reference Policy: <code>resolves</code></p><p>Profile Interaction Summary:</p><ul><li><strong>SHALL</strong> support \n\t\t\t\t\t\t\t\t\t\t\t\t\t\t\t\t\t\t\t\t\t\t\t<code>search-type</code>, \n\t\t\t\t\t\t\t\t\t\t\t\t\t\t\t\t\t\t\t\t\t\t\t<code>read</code>.</li><li><strong>SHOULD</strong> support \n\t\t\t\t\t\t\t\t\t\t\t\t\t\t\t\t\t\t\t\t\t\t\t<code>vread</code>.</li></ul><p>Fetch and Search Criteria:</p><ul><li>\n\t\t\t\t\tA Server <strong>SHALL</strong> be capable of returning a Endpoint resource using:\n\t\t\t\t\t<br/>\n\t\t\t\t\t\t<code class=\"highlighter-rouge\">GET [base]/Endpoint/[id]</code>\n\t\t\t\t</li><br/><li>\n\t\t\t\t\tA Server <strong>SHOULD</strong> be capable of returning a Endpoint resource using:\n\t\t\t\t\t<br/>\n\t\t\t\t\t\t<code class=\"highlighter-rouge\">GET [base]/Endpoint/[id]/_history/vid</code>\n\t\t\t\t</li><br/>  <!-- Only SHALL for include for now the capability statement does not create the primitive\n\t\t\t\t     extensios for this yet. --><li>\n\t\t\t\t\tA Server <strong>SHALL</strong> be capable of supporting the following _includes:\n\t\t\t\t\t<br/>\n\t\t\t\t\t\n\t\t\t\t\t\tEndpoint:organization - <code class=\"highlighter-rouge\">GET [base]/Endpoint?[parameter=value]&amp;_include=Endpoint:organization</code><br/>\n\t\t\t\t\t\n\t\t\t\t</li><br/>  <!-- Only SHALLs for revinclude for now the capability statement does not create the primitive extensios for this yet --></ul><p>Search Parameter Summary:</p><table class=\"grid\"><thead><tr><th>Conformance</th><th>Parameter</th><th>Type</th><th>Example</th></tr></thead><tbody><tr><td><strong>SHALL</strong></td><td><a href=\"SearchParameter-endpoint-organization.html\">organization</a></td><td>\n\t\t\t\t\t\t\treference\n\t\t\t\t\t\t</td><td><code class=\"highlighter-rouge\">GET [base]/Endpoint?organization=[organization]</code></td></tr><tr><td><strong>SHALL</strong></td><td><a href=\"http://hl7.org/fhir/R4/search.html\">_id</a></td><td>\n\t\t\t\t\t\t\ttoken\n\t\t\t\t\t\t</td><td><code class=\"highlighter-rouge\">GET [base]/Endpoint?_id=[id]</code></td></tr><tr><td><strong>SHALL</strong></td><td><a href=\"http://hl7.org/fhir/R4/search.html\">_lastUpdated</a></td><td>\n\t\t\t\t\t\t\tdate\n\t\t\t\t\t\t</td><td><code class=\"highlighter-rouge\">GET [base]/Endpoint?_lastUpdated=[_lastUpdated]</code></td></tr></tbody></table><hr/><h4 id=\"healthcareservice\" class=\"no_toc\">HealthcareService</h4><p>Conformance Expectation:\t<strong>SHALL</strong></p><p>Supported Profiles:\n\t\t\t\t\n\t\t\t\t\t\t\t\t\t\t\t<a href=\"StructureDefinition-NatlDir-HealthcareService.html\">NatlDir HealthcareService</a>\n\t\t\t\t\n\t\t\t\t</p><p>Reference Policy: <code>resolves</code></p><p>Profile Interaction Summary:</p><ul><li><strong>SHALL</strong> support \n\t\t\t\t\t\t\t\t\t\t\t\t\t\t\t\t\t\t\t\t\t\t\t<code>search-type</code>, \n\t\t\t\t\t\t\t\t\t\t\t\t\t\t\t\t\t\t\t\t\t\t\t<code>read</code>.</li><li><strong>SHOULD</strong> support \n\t\t\t\t\t\t\t\t\t\t\t\t\t\t\t\t\t\t\t\t\t\t\t<code>vread</code>.</li></ul><p>Fetch and Search Criteria:</p><ul><li>\n\t\t\t\t\tA Server <strong>SHALL</strong> be capable of returning a HealthcareService resource using:\n\t\t\t\t\t<br/>\n\t\t\t\t\t\t<code class=\"highlighter-rouge\">GET [base]/HealthcareService/[id]</code>\n\t\t\t\t</li><br/><li>\n\t\t\t\t\tA Server <strong>SHOULD</strong> be capable of returning a HealthcareService resource using:\n\t\t\t\t\t<br/>\n\t\t\t\t\t\t<code class=\"highlighter-rouge\">GET [base]/HealthcareService/[id]/_history/vid</code>\n\t\t\t\t</li><br/>  <!-- Only SHALL for include for now the capability statement does not create the primitive\n\t\t\t\t     extensios for this yet. --><li>\n\t\t\t\t\tA Server <strong>SHALL</strong> be capable of supporting the following _includes:\n\t\t\t\t\t<br/>\n\t\t\t\t\t\n\t\t\t\t\t\tHealthcareService:location - <code class=\"highlighter-rouge\">GET [base]/HealthcareService?[parameter=value]&amp;_include=HealthcareService:location</code><br/>\n\t\t\t\t\t\n\t\t\t\t\t\tHealthcareService:coverage-area - <code class=\"highlighter-rouge\">GET [base]/HealthcareService?[parameter=value]&amp;_include=HealthcareService:coverage-area</code><br/>\n\t\t\t\t\t\n\t\t\t\t\t\tHealthcareService:organization - <code class=\"highlighter-rouge\">GET [base]/HealthcareService?[parameter=value]&amp;_include=HealthcareService:organization</code><br/>\n\t\t\t\t\t\n\t\t\t\t\t\tHealthcareService:endpoint - <code class=\"highlighter-rouge\">GET [base]/HealthcareService?[parameter=value]&amp;_include=HealthcareService:endpoint</code><br/>\n\t\t\t\t\t\n\t\t\t\t</li><br/>  <!-- Only SHALLs for revinclude for now the capability statement does not create the primitive extensios for this yet --><li>\n\t\t\t\t\tA Server <strong>SHALL</strong> be capable of supporting the following _revincludes:\n\t\t\t\t\t<br/>\n\t\t\t\t\t\n\t\t\t\t\t\tPractitionerRole:service - <code class=\"highlighter-rouge\">GET [base]/HealthcareService?[parameter=value]&amp;_revinclude=PractitionerRole:service</code><br/>\n\t\t\t\t\t\n\t\t\t\t\t\tOrganizationAffiliation:service - <code class=\"highlighter-rouge\">GET [base]/HealthcareService?[parameter=value]&amp;_revinclude=OrganizationAffiliation:service</code><br/>\n\t\t\t\t\t\n\t\t\t\t</li><br/></ul><p>Search Parameter Summary:</p><table class=\"grid\"><thead><tr><th>Conformance</th><th>Parameter</th><th>Type</th><th>Example</th></tr></thead><tbody><tr><td><strong>SHALL</strong></td><td><a href=\"SearchParameter-healthcareservice-location.html\">location</a></td><td>\n\t\t\t\t\t\t\treference\n\t\t\t\t\t\t</td><td><code class=\"highlighter-rouge\">GET [base]/HealthcareService?location=[location]</code></td></tr><tr><td><strong>SHALL</strong></td><td><a href=\"SearchParameter-healthcareservice-coverage-area.html\">coverage-area</a></td><td>\n\t\t\t\t\t\t\treference\n\t\t\t\t\t\t</td><td><code class=\"highlighter-rouge\">GET [base]/HealthcareService?coverage-area=[coverage-area]</code></td></tr><tr><td><strong>SHALL</strong></td><td><a href=\"SearchParameter-healthcareservice-organization.html\">organization</a></td><td>\n\t\t\t\t\t\t\treference\n\t\t\t\t\t\t</td><td><code class=\"highlighter-rouge\">GET [base]/HealthcareService?organization=[organization]</code></td></tr><tr><td><strong>SHALL</strong></td><td><a href=\"SearchParameter-healthcareservice-endpoint.html\">endpoint</a></td><td>\n\t\t\t\t\t\t\treference\n\t\t\t\t\t\t</td><td><code class=\"highlighter-rouge\">GET [base]/HealthcareService?endpoint=[endpoint]</code></td></tr><tr><td><strong>SHALL</strong></td><td><a href=\"SearchParameter-healthcareservice-name.html\">name</a></td><td>\n\t\t\t\t\t\t\tstring\n\t\t\t\t\t\t</td><td><code class=\"highlighter-rouge\">GET [base]/HealthcareService?name=[name]</code></td></tr><tr><td><strong>SHALL</strong></td><td><a href=\"SearchParameter-healthcareservice-service-category.html\">service-category</a></td><td>\n\t\t\t\t\t\t\ttoken\n\t\t\t\t\t\t</td><td><code class=\"highlighter-rouge\">GET [base]/HealthcareService?service-category=[system]|[code]</code></td></tr><tr><td><strong>SHALL</strong></td><td><a href=\"SearchParameter-healthcareservice-service-type.html\">service-type</a></td><td>\n\t\t\t\t\t\t\ttoken\n\t\t\t\t\t\t</td><td><code class=\"highlighter-rouge\">GET [base]/HealthcareService?service-type=[system]|[code]</code></td></tr><tr><td><strong>SHALL</strong></td><td><a href=\"SearchParameter-healthcareservice-specialty.html\">specialty</a></td><td>\n\t\t\t\t\t\t\ttoken\n\t\t\t\t\t\t</td><td><code class=\"highlighter-rouge\">GET [base]/HealthcareService?specialty=[system]|[code]</code></td></tr><tr><td><strong>SHALL</strong></td><td><a href=\"http://hl7.org/fhir/R4/search.html\">_id</a></td><td>\n\t\t\t\t\t\t\ttoken\n\t\t\t\t\t\t</td><td><code class=\"highlighter-rouge\">GET [base]/HealthcareService?_id=[id]</code></td></tr><tr><td><strong>SHALL</strong></td><td><a href=\"http://hl7.org/fhir/R4/search.html\">_lastUpdated</a></td><td>\n\t\t\t\t\t\t\tdate\n\t\t\t\t\t\t</td><td><code class=\"highlighter-rouge\">GET [base]/HealthcareService?_lastUpdated=[_lastUpdated]</code></td></tr></tbody></table><hr/><h4 id=\"insuranceplan\" class=\"no_toc\">InsurancePlan</h4><p>Conformance Expectation:\t<strong>SHALL</strong></p><p>Supported Profiles:\n\t\t\t\t\n\t\t\t\t\t\t\t\t\t\t\t<a href=\"StructureDefinition-NatlDir-InsurancePlan.html\">NatlDir InsurancePlan</a>\n\t\t\t\t\n\t\t\t\t</p><p>Reference Policy: <code>resolves</code></p><p>Profile Interaction Summary:</p><ul><li><strong>SHALL</strong> support \n\t\t\t\t\t\t\t\t\t\t\t\t\t\t\t\t\t\t\t\t\t\t\t<code>search-type</code>, \n\t\t\t\t\t\t\t\t\t\t\t\t\t\t\t\t\t\t\t\t\t\t\t<code>read</code>.</li><li><strong>SHOULD</strong> support \n\t\t\t\t\t\t\t\t\t\t\t\t\t\t\t\t\t\t\t\t\t\t\t<code>vread</code>.</li></ul><p>Fetch and Search Criteria:</p><ul><li>\n\t\t\t\t\tA Server <strong>SHALL</strong> be capable of returning a InsurancePlan resource using:\n\t\t\t\t\t<br/>\n\t\t\t\t\t\t<code class=\"highlighter-rouge\">GET [base]/InsurancePlan/[id]</code>\n\t\t\t\t</li><br/><li>\n\t\t\t\t\tA Server <strong>SHOULD</strong> be capable of returning a InsurancePlan resource using:\n\t\t\t\t\t<br/>\n\t\t\t\t\t\t<code class=\"highlighter-rouge\">GET [base]/InsurancePlan/[id]/_history/vid</code>\n\t\t\t\t</li><br/>  <!-- Only SHALL for include for now the capability statement does not create the primitive\n\t\t\t\t     extensios for this yet. --><li>\n\t\t\t\t\tA Server <strong>SHALL</strong> be capable of supporting the following _includes:\n\t\t\t\t\t<br/>\n\t\t\t\t\t\n\t\t\t\t\t\tInsurancePlan:administered-by - <code class=\"highlighter-rouge\">GET [base]/InsurancePlan?[parameter=value]&amp;_include=InsurancePlan:administered-by</code><br/>\n\t\t\t\t\t\n\t\t\t\t\t\tInsurancePlan:owned-by - <code class=\"highlighter-rouge\">GET [base]/InsurancePlan?[parameter=value]&amp;_include=InsurancePlan:owned-by</code><br/>\n\t\t\t\t\t\n\t\t\t\t\t\tInsurancePlan:coverage-area - <code class=\"highlighter-rouge\">GET [base]/InsurancePlan?[parameter=value]&amp;_include=InsurancePlan:coverage-area</code><br/>\n\t\t\t\t\t\n\t\t\t\t</li><br/>  <!-- Only SHALLs for revinclude for now the capability statement does not create the primitive extensios for this yet --></ul><p>Search Parameter Summary:</p><table class=\"grid\"><thead><tr><th>Conformance</th><th>Parameter</th><th>Type</th><th>Example</th></tr></thead><tbody><tr><td><strong>SHALL</strong></td><td><a href=\"SearchParameter-insuranceplan-administered-by.html\">administered-by</a></td><td>\n\t\t\t\t\t\t\treference\n\t\t\t\t\t\t</td><td><code class=\"highlighter-rouge\">GET [base]/InsurancePlan?administered-by=[administered-by]</code></td></tr><tr><td><strong>SHALL</strong></td><td><a href=\"SearchParameter-insuranceplan-owned-by.html\">owned-by</a></td><td>\n\t\t\t\t\t\t\treference\n\t\t\t\t\t\t</td><td><code class=\"highlighter-rouge\">GET [base]/InsurancePlan?owned-by=[owned-by]</code></td></tr><tr><td><strong>SHALL</strong></td><td><a href=\"SearchParameter-insuranceplan-coverage-area.html\">coverage-area</a></td><td>\n\t\t\t\t\t\t\treference\n\t\t\t\t\t\t</td><td><code class=\"highlighter-rouge\">GET [base]/InsurancePlan?coverage-area=[coverage-area]</code></td></tr><tr><td><strong>SHALL</strong></td><td><a href=\"SearchParameter-insuranceplan-name.html\">name</a></td><td>\n\t\t\t\t\t\t\tstring\n\t\t\t\t\t\t</td><td><code class=\"highlighter-rouge\">GET [base]/InsurancePlan?name=[name]</code></td></tr><tr><td><strong>SHALL</strong></td><td><a href=\"SearchParameter-insuranceplan-plan-type.html\">plan-type</a></td><td>\n\t\t\t\t\t\t\ttoken\n\t\t\t\t\t\t</td><td><code class=\"highlighter-rouge\">GET [base]/InsurancePlan?plan-type=[system]|[code]</code></td></tr><tr><td><strong>SHALL</strong></td><td><a href=\"SearchParameter-insuranceplan-identifier.html\">identifier</a></td><td>\n\t\t\t\t\t\t\ttoken\n\t\t\t\t\t\t</td><td><code class=\"highlighter-rouge\">GET [base]/InsurancePlan?identifier=[system]|[code]</code></td></tr><tr><td><strong>SHALL</strong></td><td><a href=\"http://hl7.org/fhir/R4/search.html\">_id</a></td><td>\n\t\t\t\t\t\t\ttoken\n\t\t\t\t\t\t</td><td><code class=\"highlighter-rouge\">GET [base]/InsurancePlan?_id=[id]</code></td></tr><tr><td><strong>SHALL</strong></td><td><a href=\"http://hl7.org/fhir/R4/search.html\">_lastUpdated</a></td><td>\n\t\t\t\t\t\t\tdate\n\t\t\t\t\t\t</td><td><code class=\"highlighter-rouge\">GET [base]/InsurancePlan?_lastUpdated=[_lastUpdated]</code></td></tr><tr><td><strong>SHALL</strong></td><td><a href=\"SearchParameter-insuranceplan-type.html\">type</a></td><td>\n\t\t\t\t\t\t\ttoken\n\t\t\t\t\t\t</td><td><code class=\"highlighter-rouge\">GET [base]/InsurancePlan?type=[system]|[code]</code></td></tr></tbody></table><hr/><h4 id=\"location\" class=\"no_toc\">Location</h4><p>Conformance Expectation:\t<strong>SHALL</strong></p><p>Supported Profiles:\n\t\t\t\t\n\t\t\t\t\t\t\t\t\t\t\t<a href=\"StructureDefinition-NatlDir-Location.html\">NatlDir Location</a>\n\t\t\t\t\n\t\t\t\t</p><p>Reference Policy: <code>resolves</code></p><p>Profile Interaction Summary:</p><ul><li><strong>SHALL</strong> support \n\t\t\t\t\t\t\t\t\t\t\t\t\t\t\t\t\t\t\t\t\t\t\t<code>search-type</code>, \n\t\t\t\t\t\t\t\t\t\t\t\t\t\t\t\t\t\t\t\t\t\t\t<code>read</code>.</li><li><strong>SHOULD</strong> support \n\t\t\t\t\t\t\t\t\t\t\t\t\t\t\t\t\t\t\t\t\t\t\t<code>vread</code>.</li></ul><p>Fetch and Search Criteria:</p><ul><li>\n\t\t\t\t\tA Server <strong>SHALL</strong> be capable of returning a Location resource using:\n\t\t\t\t\t<br/>\n\t\t\t\t\t\t<code class=\"highlighter-rouge\">GET [base]/Location/[id]</code>\n\t\t\t\t</li><br/><li>\n\t\t\t\t\tA Server <strong>SHOULD</strong> be capable of returning a Location resource using:\n\t\t\t\t\t<br/>\n\t\t\t\t\t\t<code class=\"highlighter-rouge\">GET [base]/Location/[id]/_history/vid</code>\n\t\t\t\t</li><br/>  <!-- Only SHALL for include for now the capability statement does not create the primitive\n\t\t\t\t     extensios for this yet. --><li>\n\t\t\t\t\tA Server <strong>SHALL</strong> be capable of supporting the following _includes:\n\t\t\t\t\t<br/>\n\t\t\t\t\t\n\t\t\t\t\t\tLocation:endpoint - <code class=\"highlighter-rouge\">GET [base]/Location?[parameter=value]&amp;_include=Location:endpoint</code><br/>\n\t\t\t\t\t\n\t\t\t\t\t\tLocation:organization - <code class=\"highlighter-rouge\">GET [base]/Location?[parameter=value]&amp;_include=Location:organization</code><br/>\n\t\t\t\t\t\n\t\t\t\t\t\tLocation:partof - <code class=\"highlighter-rouge\">GET [base]/Location?[parameter=value]&amp;_include=Location:partof</code><br/>\n\t\t\t\t\t\n\t\t\t\t</li><br/>  <!-- Only SHALLs for revinclude for now the capability statement does not create the primitive extensios for this yet --><li>\n\t\t\t\t\tA Server <strong>SHALL</strong> be capable of supporting the following _revincludes:\n\t\t\t\t\t<br/>\n\t\t\t\t\t\n\t\t\t\t\t\tHealthcareService:location - <code class=\"highlighter-rouge\">GET [base]/Location?[parameter=value]&amp;_revinclude=HealthcareService:location</code><br/>\n\t\t\t\t\t\n\t\t\t\t\t\tInsurancePlan:coverage-area - <code class=\"highlighter-rouge\">GET [base]/Location?[parameter=value]&amp;_revinclude=InsurancePlan:coverage-area</code><br/>\n\t\t\t\t\t\n\t\t\t\t\t\tOrganizationAffiliation:location - <code class=\"highlighter-rouge\">GET [base]/Location?[parameter=value]&amp;_revinclude=OrganizationAffiliation:location</code><br/>\n\t\t\t\t\t\n\t\t\t\t\t\tPractitionerRole:location - <code class=\"highlighter-rouge\">GET [base]/Location?[parameter=value]&amp;_revinclude=PractitionerRole:location</code><br/>\n\t\t\t\t\t\n\t\t\t\t</li><br/></ul><p>Search Parameter Summary:</p><table class=\"grid\"><thead><tr><th>Conformance</th><th>Parameter</th><th>Type</th><th>Example</th></tr></thead><tbody><tr><td><strong>SHALL</strong></td><td><a href=\"SearchParameter-location-partof.html\">partof</a></td><td>\n\t\t\t\t\t\t\treference\n\t\t\t\t\t\t</td><td><code class=\"highlighter-rouge\">GET [base]/Location?partof=[partof]</code></td></tr><tr><td><strong>SHALL</strong></td><td><a href=\"SearchParameter-location-organization.html\">organization</a></td><td>\n\t\t\t\t\t\t\treference\n\t\t\t\t\t\t</td><td><code class=\"highlighter-rouge\">GET [base]/Location?organization=[organization]</code></td></tr><tr><td><strong>SHALL</strong></td><td><a href=\"SearchParameter-location-endpoint.html\">endpoint</a></td><td>\n\t\t\t\t\t\t\treference\n\t\t\t\t\t\t</td><td><code class=\"highlighter-rouge\">GET [base]/Location?endpoint=[endpoint]</code></td></tr><tr><td><strong>SHALL</strong></td><td><a href=\"SearchParameter-location-address-city.html\">address-city</a></td><td>\n\t\t\t\t\t\t\tstring\n\t\t\t\t\t\t</td><td><code class=\"highlighter-rouge\">GET [base]/Location?address-city=[address-city]</code></td></tr><tr><td><strong>SHALL</strong></td><td><a href=\"SearchParameter-location-address-state.html\">address-state</a></td><td>\n\t\t\t\t\t\t\tstring\n\t\t\t\t\t\t</td><td><code class=\"highlighter-rouge\">GET [base]/Location?address-state=[address-state]</code></td></tr><tr><td><strong>SHALL</strong></td><td><a href=\"SearchParameter-location-address-postalcode.html\">address-postalcode</a></td><td>\n\t\t\t\t\t\t\tstring\n\t\t\t\t\t\t</td><td><code class=\"highlighter-rouge\">GET [base]/Location?address-postalcode=[address-postalcode]</code></td></tr><tr><td><strong>SHALL</strong></td><td><a href=\"SearchParameter-location-address.html\">address</a></td><td>\n\t\t\t\t\t\t\tstring\n\t\t\t\t\t\t</td><td><code class=\"highlighter-rouge\">GET [base]/Location?address=[address]</code></td></tr><tr><td><strong>SHALL</strong></td><td><a href=\"SearchParameter-location-type.html\">type</a></td><td>\n\t\t\t\t\t\t\ttoken\n\t\t\t\t\t\t</td><td><code class=\"highlighter-rouge\">GET [base]/Location?type=[system]|[code]</code></td></tr><tr><td><strong>SHALL</strong></td><td><a href=\"http://hl7.org/fhir/R4/search.html\">_id</a></td><td>\n\t\t\t\t\t\t\ttoken\n\t\t\t\t\t\t</td><td><code class=\"highlighter-rouge\">GET [base]/Location?_id=[id]</code></td></tr><tr><td><strong>SHALL</strong></td><td><a href=\"http://hl7.org/fhir/R4/search.html\">_lastUpdated</a></td><td>\n\t\t\t\t\t\t\tdate\n\t\t\t\t\t\t</td><td><code class=\"highlighter-rouge\">GET [base]/Location?_lastUpdated=[_lastUpdated]</code></td></tr></tbody></table><hr/><h4 id=\"organization\" class=\"no_toc\">Organization</h4><p>Conformance Expectation:\t<strong>SHALL</strong></p><p>Supported Profiles:\n\t\t\t\t\n\t\t\t\t\t\t\t\t\t\t\t<a href=\"StructureDefinition-NatlDir-Network.html\">NatlDir Network</a>, \n\t\t\t\t\n\t\t\t\t\t\t\t\t\t\t\t<a href=\"StructureDefinition-NatlDir-Organization.html\">NatlDir Organization</a>\n\t\t\t\t\n\t\t\t\t</p><p>Reference Policy: <code>resolves</code></p><p>Profile Interaction Summary:</p><ul><li><strong>SHALL</strong> support \n\t\t\t\t\t\t\t\t\t\t\t\t\t\t\t\t\t\t\t\t\t\t\t<code>search-type</code>, \n\t\t\t\t\t\t\t\t\t\t\t\t\t\t\t\t\t\t\t\t\t\t\t<code>read</code>.</li><li><strong>SHOULD</strong> support \n\t\t\t\t\t\t\t\t\t\t\t\t\t\t\t\t\t\t\t\t\t\t\t<code>vread</code>.</li></ul><p>Fetch and Search Criteria:</p><ul><li>\n\t\t\t\t\tA Server <strong>SHALL</strong> be capable of returning a Organization resource using:\n\t\t\t\t\t<br/>\n\t\t\t\t\t\t<code class=\"highlighter-rouge\">GET [base]/Organization/[id]</code>\n\t\t\t\t</li><br/><li>\n\t\t\t\t\tA Server <strong>SHOULD</strong> be capable of returning a Organization resource using:\n\t\t\t\t\t<br/>\n\t\t\t\t\t\t<code class=\"highlighter-rouge\">GET [base]/Organization/[id]/_history/vid</code>\n\t\t\t\t</li><br/>  <!-- Only SHALL for include for now the capability statement does not create the primitive\n\t\t\t\t     extensios for this yet. --><li>\n\t\t\t\t\tA Server <strong>SHALL</strong> be capable of supporting the following _includes:\n\t\t\t\t\t<br/>\n\t\t\t\t\t\n\t\t\t\t\t\tOrganization:partof - <code class=\"highlighter-rouge\">GET [base]/Organization?[parameter=value]&amp;_include=Organization:partof</code><br/>\n\t\t\t\t\t\n\t\t\t\t\t\tOrganization:endpoint - <code class=\"highlighter-rouge\">GET [base]/Organization?[parameter=value]&amp;_include=Organization:endpoint</code><br/>\n\t\t\t\t\t\n\t\t\t\t\t\tOrganization:coverage-area - <code class=\"highlighter-rouge\">GET [base]/Organization?[parameter=value]&amp;_include=Organization:coverage-area</code><br/>\n\t\t\t\t\t\n\t\t\t\t</li><br/>  <!-- Only SHALLs for revinclude for now the capability statement does not create the primitive extensios for this yet --><li>\n\t\t\t\t\tA Server <strong>SHALL</strong> be capable of supporting the following _revincludes:\n\t\t\t\t\t<br/>\n\t\t\t\t\t\n\t\t\t\t\t\tEndpoint:organization - <code class=\"highlighter-rouge\">GET [base]/Organization?[parameter=value]&amp;_revinclude=Endpoint:organization</code><br/>\n\t\t\t\t\t\n\t\t\t\t\t\tHealthcareService:organization - <code class=\"highlighter-rouge\">GET [base]/Organization?[parameter=value]&amp;_revinclude=HealthcareService:organization</code><br/>\n\t\t\t\t\t\n\t\t\t\t\t\tInsurancePlan:administered-by - <code class=\"highlighter-rouge\">GET [base]/Organization?[parameter=value]&amp;_revinclude=InsurancePlan:administered-by</code><br/>\n\t\t\t\t\t\n\t\t\t\t\t\tInsurancePlan:owned-by - <code class=\"highlighter-rouge\">GET [base]/Organization?[parameter=value]&amp;_revinclude=InsurancePlan:owned-by</code><br/>\n\t\t\t\t\t\n\t\t\t\t\t\tOrganizationAffiliation:primary-organization - <code class=\"highlighter-rouge\">GET [base]/Organization?[parameter=value]&amp;_revinclude=OrganizationAffiliation:primary-organization</code><br/>\n\t\t\t\t\t\n\t\t\t\t\t\tPractitionerRole:organization - <code class=\"highlighter-rouge\">GET [base]/Organization?[parameter=value]&amp;_revinclude=PractitionerRole:organization</code><br/>\n\t\t\t\t\t\n\t\t\t\t\t\tPractitionerRole:network - <code class=\"highlighter-rouge\">GET [base]/Organization?[parameter=value]&amp;_revinclude=PractitionerRole:network</code><br/>\n\t\t\t\t\t\n\t\t\t\t\t\tOrganizationAffiliation:participating-organization - <code class=\"highlighter-rouge\">GET [base]/Organization?[parameter=value]&amp;_revinclude=OrganizationAffiliation:participating-organization</code><br/>\n\t\t\t\t\t\n\t\t\t\t</li><br/></ul><p>Search Parameter Summary:</p><table class=\"grid\"><thead><tr><th>Conformance</th><th>Parameter</th><th>Type</th><th>Example</th></tr></thead><tbody><tr><td><strong>SHALL</strong></td><td><a href=\"SearchParameter-organization-partof.html\">partof</a></td><td>\n\t\t\t\t\t\t\treference\n\t\t\t\t\t\t</td><td><code class=\"highlighter-rouge\">GET [base]/Organization?partof=[partof]</code></td></tr><tr><td><strong>SHALL</strong></td><td><a href=\"SearchParameter-organization-endpoint.html\">endpoint</a></td><td>\n\t\t\t\t\t\t\treference\n\t\t\t\t\t\t</td><td><code class=\"highlighter-rouge\">GET [base]/Organization?endpoint=[endpoint]</code></td></tr><tr><td><strong>SHALL</strong></td><td><a href=\"SearchParameter-organization-address.html\">address</a></td><td>\n\t\t\t\t\t\t\tstring\n\t\t\t\t\t\t</td><td><code class=\"highlighter-rouge\">GET [base]/Organization?address=[address]</code></td></tr><tr><td><strong>SHALL</strong></td><td><a href=\"SearchParameter-organization-name.html\">name</a></td><td>\n\t\t\t\t\t\t\tstring\n\t\t\t\t\t\t</td><td><code class=\"highlighter-rouge\">GET [base]/Organization?name=[name]</code></td></tr><tr><td><strong>SHALL</strong></td><td><a href=\"http://hl7.org/fhir/R4/search.html\">_id</a></td><td>\n\t\t\t\t\t\t\ttoken\n\t\t\t\t\t\t</td><td><code class=\"highlighter-rouge\">GET [base]/Organization?_id=[id]</code></td></tr><tr><td><strong>SHALL</strong></td><td><a href=\"http://hl7.org/fhir/R4/search.html\">_lastUpdated</a></td><td>\n\t\t\t\t\t\t\tdate\n\t\t\t\t\t\t</td><td><code class=\"highlighter-rouge\">GET [base]/Organization?_lastUpdated=[_lastUpdated]</code></td></tr><tr><td><strong>SHALL</strong></td><td><a href=\"SearchParameter-organization-type.html\">type</a></td><td>\n\t\t\t\t\t\t\ttoken\n\t\t\t\t\t\t</td><td><code class=\"highlighter-rouge\">GET [base]/Organization?type=[system]|[code]</code></td></tr><tr><td><strong>SHALL</strong></td><td><a href=\"SearchParameter-organization-coverage-area.html\">coverage-area</a></td><td>\n\t\t\t\t\t\t\treference\n\t\t\t\t\t\t</td><td><code class=\"highlighter-rouge\">GET [base]/Organization?coverage-area=[coverage-area]</code></td></tr></tbody></table><hr/><h4 id=\"organizationaffiliation\" class=\"no_toc\">OrganizationAffiliation</h4><p>Conformance Expectation:\t<strong>SHALL</strong></p><p>Supported Profiles:\n\t\t\t\t\n\t\t\t\t\t\t\t\t\t\t\t<a href=\"StructureDefinition-NatlDir-OrganizationAffiliation.html\">NatlDir OrganizationAffiliation</a>\n\t\t\t\t\n\t\t\t\t</p><p>Reference Policy: <code>resolves</code></p><p>Profile Interaction Summary:</p><ul><li><strong>SHALL</strong> support \n\t\t\t\t\t\t\t\t\t\t\t\t\t\t\t\t\t\t\t\t\t\t\t<code>search-type</code>, \n\t\t\t\t\t\t\t\t\t\t\t\t\t\t\t\t\t\t\t\t\t\t\t<code>read</code>.</li><li><strong>SHOULD</strong> support \n\t\t\t\t\t\t\t\t\t\t\t\t\t\t\t\t\t\t\t\t\t\t\t<code>vread</code>.</li></ul><p>Fetch and Search Criteria:</p><ul><li>\n\t\t\t\t\tA Server <strong>SHALL</strong> be capable of returning a OrganizationAffiliation resource using:\n\t\t\t\t\t<br/>\n\t\t\t\t\t\t<code class=\"highlighter-rouge\">GET [base]/OrganizationAffiliation/[id]</code>\n\t\t\t\t</li><br/><li>\n\t\t\t\t\tA Server <strong>SHOULD</strong> be capable of returning a OrganizationAffiliation resource using:\n\t\t\t\t\t<br/>\n\t\t\t\t\t\t<code class=\"highlighter-rouge\">GET [base]/OrganizationAffiliation/[id]/_history/vid</code>\n\t\t\t\t</li><br/>  <!-- Only SHALL for include for now the capability statement does not create the primitive\n\t\t\t\t     extensios for this yet. --><li>\n\t\t\t\t\tA Server <strong>SHALL</strong> be capable of supporting the following _includes:\n\t\t\t\t\t<br/>\n\t\t\t\t\t\n\t\t\t\t\t\tOrganizationAffiliation:primary-organization - <code class=\"highlighter-rouge\">GET [base]/OrganizationAffiliation?[parameter=value]&amp;_include=OrganizationAffiliation:primary-organization</code><br/>\n\t\t\t\t\t\n\t\t\t\t\t\tOrganizationAffiliation:participating-organization - <code class=\"highlighter-rouge\">GET [base]/OrganizationAffiliation?[parameter=value]&amp;_include=OrganizationAffiliation:participating-organization</code><br/>\n\t\t\t\t\t\n\t\t\t\t\t\tOrganizationAffiliation:location - <code class=\"highlighter-rouge\">GET [base]/OrganizationAffiliation?[parameter=value]&amp;_include=OrganizationAffiliation:location</code><br/>\n\t\t\t\t\t\n\t\t\t\t\t\tOrganizationAffiliation:service - <code class=\"highlighter-rouge\">GET [base]/OrganizationAffiliation?[parameter=value]&amp;_include=OrganizationAffiliation:service</code><br/>\n\t\t\t\t\t\n\t\t\t\t\t\tOrganizationAffiliation:endpoint - <code class=\"highlighter-rouge\">GET [base]/OrganizationAffiliation?[parameter=value]&amp;_include=OrganizationAffiliation:endpoint</code><br/>\n\t\t\t\t\t\n\t\t\t\t\t\tOrganizationAffiliation:network - <code class=\"highlighter-rouge\">GET [base]/OrganizationAffiliation?[parameter=value]&amp;_include=OrganizationAffiliation:network</code><br/>\n\t\t\t\t\t\n\t\t\t\t</li><br/>  <!-- Only SHALLs for revinclude for now the capability statement does not create the primitive extensios for this yet --></ul><p>Search Parameter Summary:</p><table class=\"grid\"><thead><tr><th>Conformance</th><th>Parameter</th><th>Type</th><th>Example</th></tr></thead><tbody><tr><td><strong>SHALL</strong></td><td><a href=\"SearchParameter-organizationaffiliation-primary-organization.html\">primary-organization</a></td><td>\n\t\t\t\t\t\t\treference\n\t\t\t\t\t\t</td><td><code class=\"highlighter-rouge\">GET [base]/OrganizationAffiliation?primary-organization=[primary-organization]</code></td></tr><tr><td><strong>SHALL</strong></td><td><a href=\"SearchParameter-organizationaffiliation-participating-organization.html\">participating-organization</a></td><td>\n\t\t\t\t\t\t\treference\n\t\t\t\t\t\t</td><td><code class=\"highlighter-rouge\">GET [base]/OrganizationAffiliation?participating-organization=[participating-organization]</code></td></tr><tr><td><strong>SHALL</strong></td><td><a href=\"SearchParameter-organizationaffiliation-location.html\">location</a></td><td>\n\t\t\t\t\t\t\treference\n\t\t\t\t\t\t</td><td><code class=\"highlighter-rouge\">GET [base]/OrganizationAffiliation?location=[location]</code></td></tr><tr><td><strong>SHALL</strong></td><td><a href=\"SearchParameter-organizationaffiliation-service.html\">service</a></td><td>\n\t\t\t\t\t\t\treference\n\t\t\t\t\t\t</td><td><code class=\"highlighter-rouge\">GET [base]/OrganizationAffiliation?service=[service]</code></td></tr><tr><td><strong>SHALL</strong></td><td><a href=\"SearchParameter-organizationaffiliation-network.html\">network</a></td><td>\n\t\t\t\t\t\t\treference\n\t\t\t\t\t\t</td><td><code class=\"highlighter-rouge\">GET [base]/OrganizationAffiliation?network=[network]</code></td></tr><tr><td><strong>SHALL</strong></td><td><a href=\"SearchParameter-organizationaffiliation-endpoint.html\">endpoint</a></td><td>\n\t\t\t\t\t\t\treference\n\t\t\t\t\t\t</td><td><code class=\"highlighter-rouge\">GET [base]/OrganizationAffiliation?endpoint=[endpoint]</code></td></tr><tr><td><strong>SHALL</strong></td><td><a href=\"SearchParameter-organizationaffiliation-role.html\">role</a></td><td>\n\t\t\t\t\t\t\ttoken\n\t\t\t\t\t\t</td><td><code class=\"highlighter-rouge\">GET [base]/OrganizationAffiliation?role=[system]|[code]</code></td></tr><tr><td><strong>SHALL</strong></td><td><a href=\"SearchParameter-organizationaffiliation-specialty.html\">specialty</a></td><td>\n\t\t\t\t\t\t\ttoken\n\t\t\t\t\t\t</td><td><code class=\"highlighter-rouge\">GET [base]/OrganizationAffiliation?specialty=[system]|[code]</code></td></tr><tr><td><strong>SHALL</strong></td><td><a href=\"http://hl7.org/fhir/R4/search.html\">_id</a></td><td>\n\t\t\t\t\t\t\ttoken\n\t\t\t\t\t\t</td><td><code class=\"highlighter-rouge\">GET [base]/OrganizationAffiliation?_id=[id]</code></td></tr><tr><td><strong>SHALL</strong></td><td><a href=\"http://hl7.org/fhir/R4/search.html\">_lastUpdated</a></td><td>\n\t\t\t\t\t\t\tdate\n\t\t\t\t\t\t</td><td><code class=\"highlighter-rouge\">GET [base]/OrganizationAffiliation?_lastUpdated=[_lastUpdated]</code></td></tr></tbody></table><hr/><h4 id=\"practitioner\" class=\"no_toc\">Practitioner</h4><p>Conformance Expectation:\t<strong>SHALL</strong></p><p>Supported Profiles:\n\t\t\t\t\n\t\t\t\t\t\t\t\t\t\t\t<a href=\"StructureDefinition-NatlDir-Practitioner.html\">NatlDir Practitioner</a>\n\t\t\t\t\n\t\t\t\t</p><p>Reference Policy: <code>resolves</code></p><p>Profile Interaction Summary:</p><ul><li><strong>SHALL</strong> support \n\t\t\t\t\t\t\t\t\t\t\t\t\t\t\t\t\t\t\t\t\t\t\t<code>search-type</code>, \n\t\t\t\t\t\t\t\t\t\t\t\t\t\t\t\t\t\t\t\t\t\t\t<code>read</code>.</li><li><strong>SHOULD</strong> support \n\t\t\t\t\t\t\t\t\t\t\t\t\t\t\t\t\t\t\t\t\t\t\t<code>vread</code>.</li></ul><p>Fetch and Search Criteria:</p><ul><li>\n\t\t\t\t\tA Server <strong>SHALL</strong> be capable of returning a Practitioner resource using:\n\t\t\t\t\t<br/>\n\t\t\t\t\t\t<code class=\"highlighter-rouge\">GET [base]/Practitioner/[id]</code>\n\t\t\t\t</li><br/><li>\n\t\t\t\t\tA Server <strong>SHOULD</strong> be capable of returning a Practitioner resource using:\n\t\t\t\t\t<br/>\n\t\t\t\t\t\t<code class=\"highlighter-rouge\">GET [base]/Practitioner/[id]/_history/vid</code>\n\t\t\t\t</li><br/>  <!-- Only SHALL for include for now the capability statement does not create the primitive\n\t\t\t\t     extensios for this yet. -->  <!-- Only SHALLs for revinclude for now the capability statement does not create the primitive extensios for this yet --><li>\n\t\t\t\t\tA Server <strong>SHALL</strong> be capable of supporting the following _revincludes:\n\t\t\t\t\t<br/>\n\t\t\t\t\t\n\t\t\t\t\t\tPractitionerRole:practitioner - <code class=\"highlighter-rouge\">GET [base]/Practitioner?[parameter=value]&amp;_revinclude=PractitionerRole:practitioner</code><br/>\n\t\t\t\t\t\n\t\t\t\t</li><br/></ul><p>Search Parameter Summary:</p><table class=\"grid\"><thead><tr><th>Conformance</th><th>Parameter</th><th>Type</th><th>Example</th></tr></thead><tbody><tr><td><strong>SHALL</strong></td><td><a href=\"SearchParameter-practitioner-name.html\">name</a></td><td>\n\t\t\t\t\t\t\tstring\n\t\t\t\t\t\t</td><td><code class=\"highlighter-rouge\">GET [base]/Practitioner?name=[name]</code></td></tr><tr><td><strong>SHALL</strong></td><td><a href=\"http://hl7.org/fhir/R4/search.html\">_id</a></td><td>\n\t\t\t\t\t\t\ttoken\n\t\t\t\t\t\t</td><td><code class=\"highlighter-rouge\">GET [base]/Practitioner?_id=[id]</code></td></tr><tr><td><strong>SHALL</strong></td><td><a href=\"http://hl7.org/fhir/R4/search.html\">_lastUpdated</a></td><td>\n\t\t\t\t\t\t\tdate\n\t\t\t\t\t\t</td><td><code class=\"highlighter-rouge\">GET [base]/Practitioner?_lastUpdated=[_lastUpdated]</code></td></tr><tr><td><strong>SHALL</strong></td><td><a href=\"SearchParameter-practitioner-family-name.html\">family</a></td><td>\n\t\t\t\t\t\t\tstring\n\t\t\t\t\t\t</td><td><code class=\"highlighter-rouge\">GET [base]/Practitioner?family=[family]</code></td></tr><tr><td><strong>SHALL</strong></td><td><a href=\"SearchParameter-practitioner-given-name.html\">given</a></td><td>\n\t\t\t\t\t\t\tstring\n\t\t\t\t\t\t</td><td><code class=\"highlighter-rouge\">GET [base]/Practitioner?given=[given]</code></td></tr></tbody></table><hr/><h4 id=\"practitionerrole\" class=\"no_toc\">PractitionerRole</h4><p>Conformance Expectation:\t<strong>SHALL</strong></p><p>Supported Profiles:\n\t\t\t\t\n\t\t\t\t\t\t\t\t\t\t\t<a href=\"StructureDefinition-NatlDir-PractitionerRole.html\">NatlDir PractitionerRole</a>\n\t\t\t\t\n\t\t\t\t</p><p>Reference Policy: <code>resolves</code></p><p>Profile Interaction Summary:</p><ul><li><strong>SHALL</strong> support \n\t\t\t\t\t\t\t\t\t\t\t\t\t\t\t\t\t\t\t\t\t\t\t<code>search-type</code>, \n\t\t\t\t\t\t\t\t\t\t\t\t\t\t\t\t\t\t\t\t\t\t\t<code>read</code>.</li><li><strong>SHOULD</strong> support \n\t\t\t\t\t\t\t\t\t\t\t\t\t\t\t\t\t\t\t\t\t\t\t<code>vread</code>.</li></ul><p>Fetch and Search Criteria:</p><ul><li>\n\t\t\t\t\tA Server <strong>SHALL</strong> be capable of returning a PractitionerRole resource using:\n\t\t\t\t\t<br/>\n\t\t\t\t\t\t<code class=\"highlighter-rouge\">GET [base]/PractitionerRole/[id]</code>\n\t\t\t\t</li><br/><li>\n\t\t\t\t\tA Server <strong>SHOULD</strong> be capable of returning a PractitionerRole resource using:\n\t\t\t\t\t<br/>\n\t\t\t\t\t\t<code class=\"highlighter-rouge\">GET [base]/PractitionerRole/[id]/_history/vid</code>\n\t\t\t\t</li><br/>  <!-- Only SHALL for include for now the capability statement does not create the primitive\n\t\t\t\t     extensios for this yet. --><li>\n\t\t\t\t\tA Server <strong>SHALL</strong> be capable of supporting the following _includes:\n\t\t\t\t\t<br/>\n\t\t\t\t\t\n\t\t\t\t\t\tPractitionerRole:practitioner - <code class=\"highlighter-rouge\">GET [base]/PractitionerRole?[parameter=value]&amp;_include=PractitionerRole:practitioner</code><br/>\n\t\t\t\t\t\n\t\t\t\t\t\tPractitionerRole:organization - <code class=\"highlighter-rouge\">GET [base]/PractitionerRole?[parameter=value]&amp;_include=PractitionerRole:organization</code><br/>\n\t\t\t\t\t\n\t\t\t\t\t\tPractitionerRole:location - <code class=\"highlighter-rouge\">GET [base]/PractitionerRole?[parameter=value]&amp;_include=PractitionerRole:location</code><br/>\n\t\t\t\t\t\n\t\t\t\t\t\tPractitionerRole:service - <code class=\"highlighter-rouge\">GET [base]/PractitionerRole?[parameter=value]&amp;_include=PractitionerRole:service</code><br/>\n\t\t\t\t\t\n\t\t\t\t\t\tPractitionerRole:network - <code class=\"highlighter-rouge\">GET [base]/PractitionerRole?[parameter=value]&amp;_include=PractitionerRole:network</code><br/>\n\t\t\t\t\t\n\t\t\t\t\t\tPractitionerRole:endpoint - <code class=\"highlighter-rouge\">GET [base]/PractitionerRole?[parameter=value]&amp;_include=PractitionerRole:endpoint</code><br/>\n\t\t\t\t\t\n\t\t\t\t</li><br/>  <!-- Only SHALLs for revinclude for now the capability statement does not create the primitive extensios for this yet --></ul><p>Search Parameter Summary:</p><table class=\"grid\"><thead><tr><th>Conformance</th><th>Parameter</th><th>Type</th><th>Example</th></tr></thead><tbody><tr><td><strong>SHALL</strong></td><td><a href=\"SearchParameter-practitionerrole-practitioner.html\">practitioner</a></td><td>\n\t\t\t\t\t\t\treference\n\t\t\t\t\t\t</td><td><code class=\"highlighter-rouge\">GET [base]/PractitionerRole?practitioner=[practitioner]</code></td></tr><tr><td><strong>SHALL</strong></td><td><a href=\"SearchParameter-practitionerrole-organization.html\">organization</a></td><td>\n\t\t\t\t\t\t\treference\n\t\t\t\t\t\t</td><td><code class=\"highlighter-rouge\">GET [base]/PractitionerRole?organization=[organization]</code></td></tr><tr><td><strong>SHALL</strong></td><td><a href=\"SearchParameter-practitionerrole-location.html\">location</a></td><td>\n\t\t\t\t\t\t\treference\n\t\t\t\t\t\t</td><td><code class=\"highlighter-rouge\">GET [base]/PractitionerRole?location=[location]</code></td></tr><tr><td><strong>SHALL</strong></td><td><a href=\"SearchParameter-practitionerrole-service.html\">service</a></td><td>\n\t\t\t\t\t\t\treference\n\t\t\t\t\t\t</td><td><code class=\"highlighter-rouge\">GET [base]/PractitionerRole?service=[service]</code></td></tr><tr><td><strong>SHALL</strong></td><td><a href=\"SearchParameter-practitionerrole-network.html\">network</a></td><td>\n\t\t\t\t\t\t\treference\n\t\t\t\t\t\t</td><td><code class=\"highlighter-rouge\">GET [base]/PractitionerRole?network=[network]</code></td></tr><tr><td><strong>SHALL</strong></td><td><a href=\"SearchParameter-practitionerrole-endpoint.html\">endpoint</a></td><td>\n\t\t\t\t\t\t\treference\n\t\t\t\t\t\t</td><td><code class=\"highlighter-rouge\">GET [base]/PractitionerRole?endpoint=[endpoint]</code></td></tr><tr><td><strong>SHALL</strong></td><td><a href=\"SearchParameter-practitionerrole-role.html\">role</a></td><td>\n\t\t\t\t\t\t\ttoken\n\t\t\t\t\t\t</td><td><code class=\"highlighter-rouge\">GET [base]/PractitionerRole?role=[system]|[code]</code></td></tr><tr><td><strong>SHALL</strong></td><td><a href=\"SearchParameter-practitionerrole-specialty.html\">specialty</a></td><td>\n\t\t\t\t\t\t\ttoken\n\t\t\t\t\t\t</td><td><code class=\"highlighter-rouge\">GET [base]/PractitionerRole?specialty=[system]|[code]</code></td></tr><tr><td><strong>SHALL</strong></td><td><a href=\"http://hl7.org/fhir/R4/search.html\">_id</a></td><td>\n\t\t\t\t\t\t\ttoken\n\t\t\t\t\t\t</td><td><code class=\"highlighter-rouge\">GET [base]/PractitionerRole?_id=[id]</code></td></tr><tr><td><strong>SHALL</strong></td><td><a href=\"http://hl7.org/fhir/R4/search.html\">_lastUpdated</a></td><td>\n\t\t\t\t\t\t\tdate\n\t\t\t\t\t\t</td><td><code class=\"highlighter-rouge\">GET [base]/PractitionerRole?_lastUpdated=[_lastUpdated]</code></td></tr></tbody></table><hr/><br/></div>"
  },
  "url": "http://hl7.org/fhir/us/davinci-pdex-NatlDir/CapabilityStatement/NatlDir",
  "version": "1.0.0",
  "name": "DavinciPdexNatlDirCapabilityStatement",
  "title": "NatlDir CapabilityStatement",
  "status": "active",
  "experimental": false,
  "date": "2020-11-19",
  "publisher": "HL7 Patient Administration Working Group",
  "contact": [
    {
      "name": "HL7 Patient Administration Working Group",
      "telecom": [
        {
          "system": "url",
          "value": "https://www.hl7.org/Special/committees/pafm/index.cfm"
        },
        {
          "system": "email",
          "value": "pafm@lists.HL7.org"
        }
      ]
    }
  ],
  "description": "This Section describes the expected capabilities of the NatlDir Server actor which is responsible for providing responses to the queries submitted by the NatlDir Requestors. The complete list of FHIR profiles, RESTful operations, and search parameters supported by NatlDir Servers are defined. Systems implementing this capability statement should meet the CMS FInal Rule requirement for provider directory access.  NatlDir  Clients can use the required capabilities to access necessary data based on their local use cases and other contextual requirements.",
  "jurisdiction": [
    {
      "coding": [
        {
          "system": "urn:iso:std:iso:3166",
          "code": "US"
        }
      ]
    }
  ],
  "kind": "requirements",
  "fhirVersion": "4.0.1",
  "format": [
    "xml",
    "json"
  ],
  "patchFormat": [
    "application/json-patch+json"
  ],
  "implementationGuide": [
    "http://hl7.org/fhir/us/davinci-pdex-NatlDir/ImplementationGuide/hl7.fhir.us.davinci-pdex-NatlDir"
  ],
  "rest": [
    {
      "mode": "server",
      "documentation": "The NatlDir  Server **SHALL**:\n\n1. Support all profiles defined in this Implementation Guide..\n1.  Implement the RESTful behavior according to the FHIR specification.\n1. Return the following response classes:\n   - (Status 400): invalid parameter\n   - (Status 401/4xx): unauthorized request\n   - (Status 403): insufficient scope\n   - (Status 404): unknown resource\n   - (Status 410): deleted resource.\n1. Support json source formats for all NatlDir interactions.\n1. Identify the NatlDir  profiles supported as part of the FHIR `meta.profile` attribute for each instance.\n1. Support the searchParameters on each profile  individually and in combination.\n1.Support forward and reverse chaining on all search parameters that specify the 'chain' property\n\nThe NatlDir  Server **SHOULD**:\n\n1. Support xml source formats for all NatlDir  interactions.\n",
      "security": {
        "description": "1. See the [General Security Considerations](implementation.html#general-security-considerations) section for requirements and recommendations.\n1. A server **SHALL** reject any unauthorized requests by returning an `HTTP 401` unauthorized response code."
      },
      "resource": [
        {
          "extension": [
            {
              "url": "http://hl7.org/fhir/StructureDefinition/capabilitystatement-expectation",
              "valueCode": "SHALL"
            }
          ],
          "type": "Endpoint",
          "supportedProfile": [
            "http://hl7.org/fhir/us/davinci-pdex-NatlDir/StructureDefinition/NatlDir-Endpoint"
          ],
          "interaction": [
            {
              "extension": [
                {
                  "url": "http://hl7.org/fhir/StructureDefinition/capabilitystatement-expectation",
                  "valueCode": "SHALL"
                }
              ],
              "code": "search-type"
            },
            {
              "extension": [
                {
                  "url": "http://hl7.org/fhir/StructureDefinition/capabilitystatement-expectation",
                  "valueCode": "SHALL"
                }
              ],
              "code": "read"
            },
            {
              "extension": [
                {
                  "url": "http://hl7.org/fhir/StructureDefinition/capabilitystatement-expectation",
                  "valueCode": "SHOULD"
                }
              ],
              "code": "vread"
            }
          ],
          "referencePolicy": [
            "resolves"
          ],
          "searchInclude": [
            "Endpoint:organization"
          ],
          "searchParam": [
            {
              "extension": [
                {
                  "url": "http://hl7.org/fhir/StructureDefinition/capabilitystatement-expectation",
                  "valueCode": "SHALL"
                }
              ],
              "name": "organization",
              "definition": "http://hl7.org/fhir/us/davinci-pdex-NatlDir/SearchParameter/endpoint-organization",
              "type": "reference"
            },
            {
              "extension": [
                {
                  "url": "http://hl7.org/fhir/StructureDefinition/capabilitystatement-expectation",
                  "valueCode": "SHALL"
                }
              ],
              "name": "_id",
              "definition": "http://hl7.org/fhir/SearchParameter/Resource-id",
              "type": "token"
            },
            {
              "extension": [
                {
                  "url": "http://hl7.org/fhir/StructureDefinition/capabilitystatement-expectation",
                  "valueCode": "SHALL"
                }
              ],
              "name": "_lastUpdated",
              "definition": "http://hl7.org/fhir/SearchParameter/Resource-lastUpdated",
              "type": "date"
            }
          ]
        },
        {
          "extension": [
            {
              "url": "http://hl7.org/fhir/StructureDefinition/capabilitystatement-expectation",
              "valueCode": "SHALL"
            }
          ],
          "type": "HealthcareService",
          "supportedProfile": [
            "http://hl7.org/fhir/us/davinci-pdex-NatlDir/StructureDefinition/NatlDir-HealthcareService"
          ],
          "interaction": [
            {
              "extension": [
                {
                  "url": "http://hl7.org/fhir/StructureDefinition/capabilitystatement-expectation",
                  "valueCode": "SHALL"
                }
              ],
              "code": "search-type"
            },
            {
              "extension": [
                {
                  "url": "http://hl7.org/fhir/StructureDefinition/capabilitystatement-expectation",
                  "valueCode": "SHALL"
                }
              ],
              "code": "read"
            },
            {
              "extension": [
                {
                  "url": "http://hl7.org/fhir/StructureDefinition/capabilitystatement-expectation",
                  "valueCode": "SHOULD"
                }
              ],
              "code": "vread"
            }
          ],
          "referencePolicy": [
            "resolves"
          ],
          "searchInclude": [
            "HealthcareService:location",
            "HealthcareService:coverage-area",
            "HealthcareService:organization",
            "HealthcareService:endpoint"
          ],
          "searchRevInclude": [
            "PractitionerRole:service",
            "OrganizationAffiliation:service"
          ],
          "searchParam": [
            {
              "extension": [
                {
                  "url": "http://hl7.org/fhir/StructureDefinition/capabilitystatement-expectation",
                  "valueCode": "SHALL"
                }
              ],
              "name": "location",
              "definition": "http://hl7.org/fhir/us/davinci-pdex-NatlDir/SearchParameter/healthcareservice-location",
              "type": "reference"
            },
            {
              "extension": [
                {
                  "url": "http://hl7.org/fhir/StructureDefinition/capabilitystatement-expectation",
                  "valueCode": "SHALL"
                }
              ],
              "name": "coverage-area",
              "definition": "http://hl7.org/fhir/us/davinci-pdex-NatlDir/SearchParameter/healthcareservice-coverage-area",
              "type": "reference"
            },
            {
              "extension": [
                {
                  "url": "http://hl7.org/fhir/StructureDefinition/capabilitystatement-expectation",
                  "valueCode": "SHALL"
                }
              ],
              "name": "organization",
              "definition": "http://hl7.org/fhir/us/davinci-pdex-NatlDir/SearchParameter/healthcareservice-organization",
              "type": "reference"
            },
            {
              "extension": [
                {
                  "url": "http://hl7.org/fhir/StructureDefinition/capabilitystatement-expectation",
                  "valueCode": "SHALL"
                }
              ],
              "name": "endpoint",
              "definition": "http://hl7.org/fhir/us/davinci-pdex-NatlDir/SearchParameter/healthcareservice-endpoint",
              "type": "reference"
            },
            {
              "extension": [
                {
                  "url": "http://hl7.org/fhir/StructureDefinition/capabilitystatement-expectation",
                  "valueCode": "SHALL"
                }
              ],
              "name": "name",
              "definition": "http://hl7.org/fhir/us/davinci-pdex-NatlDir/SearchParameter/healthcareservice-name",
              "type": "string"
            },
            {
              "extension": [
                {
                  "url": "http://hl7.org/fhir/StructureDefinition/capabilitystatement-expectation",
                  "valueCode": "SHALL"
                }
              ],
              "name": "service-category",
              "definition": "http://hl7.org/fhir/us/davinci-pdex-NatlDir/SearchParameter/healthcareservice-service-category",
              "type": "token"
            },
            {
              "extension": [
                {
                  "url": "http://hl7.org/fhir/StructureDefinition/capabilitystatement-expectation",
                  "valueCode": "SHALL"
                }
              ],
              "name": "service-type",
              "definition": "http://hl7.org/fhir/us/davinci-pdex-NatlDir/SearchParameter/healthcareservice-service-type",
              "type": "token"
            },
            {
              "extension": [
                {
                  "url": "http://hl7.org/fhir/StructureDefinition/capabilitystatement-expectation",
                  "valueCode": "SHALL"
                }
              ],
              "name": "specialty",
              "definition": "http://hl7.org/fhir/us/davinci-pdex-NatlDir/SearchParameter/healthcareservice-specialty",
              "type": "token"
            },
            {
              "extension": [
                {
                  "url": "http://hl7.org/fhir/StructureDefinition/capabilitystatement-expectation",
                  "valueCode": "SHALL"
                }
              ],
              "name": "_id",
              "definition": "http://hl7.org/fhir/SearchParameter/Resource-id",
              "type": "token"
            },
            {
              "extension": [
                {
                  "url": "http://hl7.org/fhir/StructureDefinition/capabilitystatement-expectation",
                  "valueCode": "SHALL"
                }
              ],
              "name": "_lastUpdated",
              "definition": "http://hl7.org/fhir/SearchParameter/Resource-lastUpdated",
              "type": "date"
            }
          ]
        },
        {
          "extension": [
            {
              "url": "http://hl7.org/fhir/StructureDefinition/capabilitystatement-expectation",
              "valueCode": "SHALL"
            }
          ],
          "type": "InsurancePlan",
          "supportedProfile": [
            "http://hl7.org/fhir/us/davinci-pdex-NatlDir/StructureDefinition/NatlDir-InsurancePlan"
          ],
          "interaction": [
            {
              "extension": [
                {
                  "url": "http://hl7.org/fhir/StructureDefinition/capabilitystatement-expectation",
                  "valueCode": "SHALL"
                }
              ],
              "code": "search-type"
            },
            {
              "extension": [
                {
                  "url": "http://hl7.org/fhir/StructureDefinition/capabilitystatement-expectation",
                  "valueCode": "SHALL"
                }
              ],
              "code": "read"
            },
            {
              "extension": [
                {
                  "url": "http://hl7.org/fhir/StructureDefinition/capabilitystatement-expectation",
                  "valueCode": "SHOULD"
                }
              ],
              "code": "vread"
            }
          ],
          "referencePolicy": [
            "resolves"
          ],
          "searchInclude": [
            "InsurancePlan:administered-by",
            "InsurancePlan:owned-by",
            "InsurancePlan:coverage-area"
          ],
          "searchParam": [
            {
              "extension": [
                {
                  "url": "http://hl7.org/fhir/StructureDefinition/capabilitystatement-expectation",
                  "valueCode": "SHALL"
                }
              ],
              "name": "administered-by",
              "definition": "http://hl7.org/fhir/us/davinci-pdex-NatlDir/SearchParameter/insuranceplan-administered-by",
              "type": "reference"
            },
            {
              "extension": [
                {
                  "url": "http://hl7.org/fhir/StructureDefinition/capabilitystatement-expectation",
                  "valueCode": "SHALL"
                }
              ],
              "name": "owned-by",
              "definition": "http://hl7.org/fhir/us/davinci-pdex-NatlDir/SearchParameter/insuranceplan-owned-by",
              "type": "reference"
            },
            {
              "extension": [
                {
                  "url": "http://hl7.org/fhir/StructureDefinition/capabilitystatement-expectation",
                  "valueCode": "SHALL"
                }
              ],
              "name": "coverage-area",
              "definition": "http://hl7.org/fhir/us/davinci-pdex-NatlDir/SearchParameter/insuranceplan-coverage-area",
              "type": "reference"
            },
            {
              "extension": [
                {
                  "url": "http://hl7.org/fhir/StructureDefinition/capabilitystatement-expectation",
                  "valueCode": "SHALL"
                }
              ],
              "name": "name",
              "definition": "http://hl7.org/fhir/us/davinci-pdex-NatlDir/SearchParameter/insuranceplan-name",
              "type": "string"
            },
            {
              "extension": [
                {
                  "url": "http://hl7.org/fhir/StructureDefinition/capabilitystatement-expectation",
                  "valueCode": "SHALL"
                }
              ],
              "name": "plan-type",
              "definition": "http://hl7.org/fhir/us/davinci-pdex-NatlDir/SearchParameter/insuranceplan-plan-type",
              "type": "token"
            },
            {
              "extension": [
                {
                  "url": "http://hl7.org/fhir/StructureDefinition/capabilitystatement-expectation",
                  "valueCode": "SHALL"
                }
              ],
              "name": "identifier",
              "definition": "http://hl7.org/fhir/us/davinci-pdex-NatlDir/SearchParameter/insuranceplan-identifier",
              "type": "token"
            },
            {
              "extension": [
                {
                  "url": "http://hl7.org/fhir/StructureDefinition/capabilitystatement-expectation",
                  "valueCode": "SHALL"
                }
              ],
              "name": "_id",
              "definition": "http://hl7.org/fhir/SearchParameter/Resource-id",
              "type": "token"
            },
            {
              "extension": [
                {
                  "url": "http://hl7.org/fhir/StructureDefinition/capabilitystatement-expectation",
                  "valueCode": "SHALL"
                }
              ],
              "name": "_lastUpdated",
              "definition": "http://hl7.org/fhir/SearchParameter/Resource-lastUpdated",
              "type": "date"
            },
            {
              "extension": [
                {
                  "url": "http://hl7.org/fhir/StructureDefinition/capabilitystatement-expectation",
                  "valueCode": "SHALL"
                }
              ],
              "name": "type",
              "definition": "http://hl7.org/fhir/us/davinci-pdex-NatlDir/SearchParameter/insuranceplan-type",
              "type": "token"
            }
          ]
        },
        {
          "extension": [
            {
              "url": "http://hl7.org/fhir/StructureDefinition/capabilitystatement-expectation",
              "valueCode": "SHALL"
            }
          ],
          "type": "Location",
          "supportedProfile": [
            "http://hl7.org/fhir/us/davinci-pdex-NatlDir/StructureDefinition/NatlDir-Location"
          ],
          "interaction": [
            {
              "extension": [
                {
                  "url": "http://hl7.org/fhir/StructureDefinition/capabilitystatement-expectation",
                  "valueCode": "SHALL"
                }
              ],
              "code": "search-type"
            },
            {
              "extension": [
                {
                  "url": "http://hl7.org/fhir/StructureDefinition/capabilitystatement-expectation",
                  "valueCode": "SHALL"
                }
              ],
              "code": "read"
            },
            {
              "extension": [
                {
                  "url": "http://hl7.org/fhir/StructureDefinition/capabilitystatement-expectation",
                  "valueCode": "SHOULD"
                }
              ],
              "code": "vread"
            }
          ],
          "referencePolicy": [
            "resolves"
          ],
          "searchInclude": [
            "Location:endpoint",
            "Location:organization",
            "Location:partof"
          ],
          "searchRevInclude": [
            "HealthcareService:location",
            "InsurancePlan:coverage-area",
            "OrganizationAffiliation:location",
            "PractitionerRole:location"
          ],
          "searchParam": [
            {
              "extension": [
                {
                  "url": "http://hl7.org/fhir/StructureDefinition/capabilitystatement-expectation",
                  "valueCode": "SHALL"
                }
              ],
              "name": "partof",
              "definition": "http://hl7.org/fhir/us/davinci-pdex-NatlDir/SearchParameter/location-partof",
              "type": "reference"
            },
            {
              "extension": [
                {
                  "url": "http://hl7.org/fhir/StructureDefinition/capabilitystatement-expectation",
                  "valueCode": "SHALL"
                }
              ],
              "name": "organization",
              "definition": "http://hl7.org/fhir/us/davinci-pdex-NatlDir/SearchParameter/location-organization",
              "type": "reference"
            },
            {
              "extension": [
                {
                  "url": "http://hl7.org/fhir/StructureDefinition/capabilitystatement-expectation",
                  "valueCode": "SHALL"
                }
              ],
              "name": "endpoint",
              "definition": "http://hl7.org/fhir/us/davinci-pdex-NatlDir/SearchParameter/location-endpoint",
              "type": "reference"
            },
            {
              "extension": [
                {
                  "url": "http://hl7.org/fhir/StructureDefinition/capabilitystatement-expectation",
                  "valueCode": "SHALL"
                }
              ],
              "name": "address-city",
              "definition": "http://hl7.org/fhir/us/davinci-pdex-NatlDir/SearchParameter/location-address-city",
              "type": "string"
            },
            {
              "extension": [
                {
                  "url": "http://hl7.org/fhir/StructureDefinition/capabilitystatement-expectation",
                  "valueCode": "SHALL"
                }
              ],
              "name": "address-state",
              "definition": "http://hl7.org/fhir/us/davinci-pdex-NatlDir/SearchParameter/location-address-state",
              "type": "string"
            },
            {
              "extension": [
                {
                  "url": "http://hl7.org/fhir/StructureDefinition/capabilitystatement-expectation",
                  "valueCode": "SHALL"
                }
              ],
              "name": "address-postalcode",
              "definition": "http://hl7.org/fhir/us/davinci-pdex-NatlDir/SearchParameter/location-address-postalcode",
              "type": "string"
            },
            {
              "extension": [
                {
                  "url": "http://hl7.org/fhir/StructureDefinition/capabilitystatement-expectation",
                  "valueCode": "SHALL"
                }
              ],
              "name": "address",
              "definition": "http://hl7.org/fhir/us/davinci-pdex-NatlDir/SearchParameter/location-address",
              "type": "string"
            },
            {
              "extension": [
                {
                  "url": "http://hl7.org/fhir/StructureDefinition/capabilitystatement-expectation",
                  "valueCode": "SHALL"
                }
              ],
              "name": "type",
              "definition": "http://hl7.org/fhir/us/davinci-pdex-NatlDir/SearchParameter/location-type",
              "type": "token"
            },
            {
              "extension": [
                {
                  "url": "http://hl7.org/fhir/StructureDefinition/capabilitystatement-expectation",
                  "valueCode": "SHALL"
                }
              ],
              "name": "_id",
              "definition": "http://hl7.org/fhir/SearchParameter/Resource-id",
              "type": "token"
            },
            {
              "extension": [
                {
                  "url": "http://hl7.org/fhir/StructureDefinition/capabilitystatement-expectation",
                  "valueCode": "SHALL"
                }
              ],
              "name": "_lastUpdated",
              "definition": "http://hl7.org/fhir/SearchParameter/Resource-lastUpdated",
              "type": "date"
            }
          ]
        },
        {
          "extension": [
            {
              "url": "http://hl7.org/fhir/StructureDefinition/capabilitystatement-expectation",
              "valueCode": "SHALL"
            }
          ],
          "type": "Organization",
          "supportedProfile": [
            "http://hl7.org/fhir/us/davinci-pdex-NatlDir/StructureDefinition/NatlDir-Network",
            "http://hl7.org/fhir/us/davinci-pdex-NatlDir/StructureDefinition/NatlDir-Organization"
          ],
          "interaction": [
            {
              "extension": [
                {
                  "url": "http://hl7.org/fhir/StructureDefinition/capabilitystatement-expectation",
                  "valueCode": "SHALL"
                }
              ],
              "code": "search-type"
            },
            {
              "extension": [
                {
                  "url": "http://hl7.org/fhir/StructureDefinition/capabilitystatement-expectation",
                  "valueCode": "SHALL"
                }
              ],
              "code": "read"
            },
            {
              "extension": [
                {
                  "url": "http://hl7.org/fhir/StructureDefinition/capabilitystatement-expectation",
                  "valueCode": "SHOULD"
                }
              ],
              "code": "vread"
            }
          ],
          "referencePolicy": [
            "resolves"
          ],
          "searchInclude": [
            "Organization:partof",
            "Organization:endpoint",
            "Organization:coverage-area"
          ],
          "searchRevInclude": [
            "Endpoint:organization",
            "HealthcareService:organization",
            "InsurancePlan:administered-by",
            "InsurancePlan:owned-by",
            "OrganizationAffiliation:primary-organization",
            "PractitionerRole:organization",
            "PractitionerRole:network",
            "OrganizationAffiliation:participating-organization"
          ],
          "searchParam": [
            {
              "extension": [
                {
                  "url": "http://hl7.org/fhir/StructureDefinition/capabilitystatement-expectation",
                  "valueCode": "SHALL"
                }
              ],
              "name": "partof",
              "definition": "http://hl7.org/fhir/us/davinci-pdex-NatlDir/SearchParameter/organization-partof",
              "type": "reference"
            },
            {
              "extension": [
                {
                  "url": "http://hl7.org/fhir/StructureDefinition/capabilitystatement-expectation",
                  "valueCode": "SHALL"
                }
              ],
              "name": "endpoint",
              "definition": "http://hl7.org/fhir/us/davinci-pdex-NatlDir/SearchParameter/organization-endpoint",
              "type": "reference"
            },
            {
              "extension": [
                {
                  "url": "http://hl7.org/fhir/StructureDefinition/capabilitystatement-expectation",
                  "valueCode": "SHALL"
                }
              ],
              "name": "address",
              "definition": "http://hl7.org/fhir/us/davinci-pdex-NatlDir/SearchParameter/organization-address",
              "type": "string"
            },
            {
              "extension": [
                {
                  "url": "http://hl7.org/fhir/StructureDefinition/capabilitystatement-expectation",
                  "valueCode": "SHALL"
                }
              ],
              "name": "name",
              "definition": "http://hl7.org/fhir/us/davinci-pdex-NatlDir/SearchParameter/organization-name",
              "type": "string"
            },
            {
              "extension": [
                {
                  "url": "http://hl7.org/fhir/StructureDefinition/capabilitystatement-expectation",
                  "valueCode": "SHALL"
                }
              ],
              "name": "_id",
              "definition": "http://hl7.org/fhir/SearchParameter/Resource-id",
              "type": "token"
            },
            {
              "extension": [
                {
                  "url": "http://hl7.org/fhir/StructureDefinition/capabilitystatement-expectation",
                  "valueCode": "SHALL"
                }
              ],
              "name": "_lastUpdated",
              "definition": "http://hl7.org/fhir/SearchParameter/Resource-lastUpdated",
              "type": "date"
            },
            {
              "extension": [
                {
                  "url": "http://hl7.org/fhir/StructureDefinition/capabilitystatement-expectation",
                  "valueCode": "SHALL"
                }
              ],
              "name": "type",
              "definition": "http://hl7.org/fhir/us/davinci-pdex-NatlDir/SearchParameter/organization-type",
              "type": "token"
            },
            {
              "extension": [
                {
                  "url": "http://hl7.org/fhir/StructureDefinition/capabilitystatement-expectation",
                  "valueCode": "SHALL"
                }
              ],
              "name": "coverage-area",
              "definition": "http://hl7.org/fhir/us/davinci-pdex-NatlDir/SearchParameter/organization-coverage-area",
              "type": "reference"
            }
          ]
        },
        {
          "extension": [
            {
              "url": "http://hl7.org/fhir/StructureDefinition/capabilitystatement-expectation",
              "valueCode": "SHALL"
            }
          ],
          "type": "OrganizationAffiliation",
          "supportedProfile": [
            "http://hl7.org/fhir/us/davinci-pdex-NatlDir/StructureDefinition/NatlDir-OrganizationAffiliation"
          ],
          "interaction": [
            {
              "extension": [
                {
                  "url": "http://hl7.org/fhir/StructureDefinition/capabilitystatement-expectation",
                  "valueCode": "SHALL"
                }
              ],
              "code": "search-type"
            },
            {
              "extension": [
                {
                  "url": "http://hl7.org/fhir/StructureDefinition/capabilitystatement-expectation",
                  "valueCode": "SHALL"
                }
              ],
              "code": "read"
            },
            {
              "extension": [
                {
                  "url": "http://hl7.org/fhir/StructureDefinition/capabilitystatement-expectation",
                  "valueCode": "SHOULD"
                }
              ],
              "code": "vread"
            }
          ],
          "referencePolicy": [
            "resolves"
          ],
          "searchInclude": [
            "OrganizationAffiliation:primary-organization",
            "OrganizationAffiliation:participating-organization",
            "OrganizationAffiliation:location",
            "OrganizationAffiliation:service",
            "OrganizationAffiliation:endpoint",
            "OrganizationAffiliation:network"
          ],
          "searchParam": [
            {
              "extension": [
                {
                  "url": "http://hl7.org/fhir/StructureDefinition/capabilitystatement-expectation",
                  "valueCode": "SHALL"
                }
              ],
              "name": "primary-organization",
              "definition": "http://hl7.org/fhir/us/davinci-pdex-NatlDir/SearchParameter/organizationaffiliation-primary-organization",
              "type": "reference"
            },
            {
              "extension": [
                {
                  "url": "http://hl7.org/fhir/StructureDefinition/capabilitystatement-expectation",
                  "valueCode": "SHALL"
                }
              ],
              "name": "participating-organization",
              "definition": "http://hl7.org/fhir/us/davinci-pdex-NatlDir/SearchParameter/organizationaffiliation-participating-organization",
              "type": "reference"
            },
            {
              "extension": [
                {
                  "url": "http://hl7.org/fhir/StructureDefinition/capabilitystatement-expectation",
                  "valueCode": "SHALL"
                }
              ],
              "name": "location",
              "definition": "http://hl7.org/fhir/us/davinci-pdex-NatlDir/SearchParameter/organizationaffiliation-location",
              "type": "reference"
            },
            {
              "extension": [
                {
                  "url": "http://hl7.org/fhir/StructureDefinition/capabilitystatement-expectation",
                  "valueCode": "SHALL"
                }
              ],
              "name": "service",
              "definition": "http://hl7.org/fhir/us/davinci-pdex-NatlDir/SearchParameter/organizationaffiliation-service",
              "type": "reference"
            },
            {
              "extension": [
                {
                  "url": "http://hl7.org/fhir/StructureDefinition/capabilitystatement-expectation",
                  "valueCode": "SHALL"
                }
              ],
              "name": "network",
              "definition": "http://hl7.org/fhir/us/davinci-pdex-NatlDir/SearchParameter/organizationaffiliation-network",
              "type": "reference"
            },
            {
              "extension": [
                {
                  "url": "http://hl7.org/fhir/StructureDefinition/capabilitystatement-expectation",
                  "valueCode": "SHALL"
                }
              ],
              "name": "endpoint",
              "definition": "http://hl7.org/fhir/us/davinci-pdex-NatlDir/SearchParameter/organizationaffiliation-endpoint",
              "type": "reference"
            },
            {
              "extension": [
                {
                  "url": "http://hl7.org/fhir/StructureDefinition/capabilitystatement-expectation",
                  "valueCode": "SHALL"
                }
              ],
              "name": "role",
              "definition": "http://hl7.org/fhir/us/davinci-pdex-NatlDir/SearchParameter/organizationaffiliation-role",
              "type": "token"
            },
            {
              "extension": [
                {
                  "url": "http://hl7.org/fhir/StructureDefinition/capabilitystatement-expectation",
                  "valueCode": "SHALL"
                }
              ],
              "name": "specialty",
              "definition": "http://hl7.org/fhir/us/davinci-pdex-NatlDir/SearchParameter/organizationaffiliation-specialty",
              "type": "token"
            },
            {
              "extension": [
                {
                  "url": "http://hl7.org/fhir/StructureDefinition/capabilitystatement-expectation",
                  "valueCode": "SHALL"
                }
              ],
              "name": "_id",
              "definition": "http://hl7.org/fhir/SearchParameter/Resource-id",
              "type": "token"
            },
            {
              "extension": [
                {
                  "url": "http://hl7.org/fhir/StructureDefinition/capabilitystatement-expectation",
                  "valueCode": "SHALL"
                }
              ],
              "name": "_lastUpdated",
              "definition": "http://hl7.org/fhir/SearchParameter/Resource-lastUpdated",
              "type": "date"
            }
          ]
        },
        {
          "extension": [
            {
              "url": "http://hl7.org/fhir/StructureDefinition/capabilitystatement-expectation",
              "valueCode": "SHALL"
            }
          ],
          "type": "Practitioner",
          "supportedProfile": [
            "http://hl7.org/fhir/us/davinci-pdex-NatlDir/StructureDefinition/NatlDir-Practitioner"
          ],
          "interaction": [
            {
              "extension": [
                {
                  "url": "http://hl7.org/fhir/StructureDefinition/capabilitystatement-expectation",
                  "valueCode": "SHALL"
                }
              ],
              "code": "search-type"
            },
            {
              "extension": [
                {
                  "url": "http://hl7.org/fhir/StructureDefinition/capabilitystatement-expectation",
                  "valueCode": "SHALL"
                }
              ],
              "code": "read"
            },
            {
              "extension": [
                {
                  "url": "http://hl7.org/fhir/StructureDefinition/capabilitystatement-expectation",
                  "valueCode": "SHOULD"
                }
              ],
              "code": "vread"
            }
          ],
          "referencePolicy": [
            "resolves"
          ],
          "searchRevInclude": [
            "PractitionerRole:practitioner"
          ],
          "searchParam": [
            {
              "extension": [
                {
                  "url": "http://hl7.org/fhir/StructureDefinition/capabilitystatement-expectation",
                  "valueCode": "SHALL"
                }
              ],
              "name": "name",
              "definition": "http://hl7.org/fhir/us/davinci-pdex-NatlDir/SearchParameter/practitioner-name",
              "type": "string"
            },
            {
              "extension": [
                {
                  "url": "http://hl7.org/fhir/StructureDefinition/capabilitystatement-expectation",
                  "valueCode": "SHALL"
                }
              ],
              "name": "_id",
              "definition": "http://hl7.org/fhir/SearchParameter/Resource-id",
              "type": "token"
            },
            {
              "extension": [
                {
                  "url": "http://hl7.org/fhir/StructureDefinition/capabilitystatement-expectation",
                  "valueCode": "SHALL"
                }
              ],
              "name": "_lastUpdated",
              "definition": "http://hl7.org/fhir/SearchParameter/Resource-lastUpdated",
              "type": "date"
            },
            {
              "extension": [
                {
                  "url": "http://hl7.org/fhir/StructureDefinition/capabilitystatement-expectation",
                  "valueCode": "SHALL"
                }
              ],
              "name": "family",
              "definition": "http://hl7.org/fhir/us/davinci-pdex-NatlDir/SearchParameter/practitioner-family-name",
              "type": "string"
            },
            {
              "extension": [
                {
                  "url": "http://hl7.org/fhir/StructureDefinition/capabilitystatement-expectation",
                  "valueCode": "SHALL"
                }
              ],
              "name": "given",
              "definition": "http://hl7.org/fhir/us/davinci-pdex-NatlDir/SearchParameter/practitioner-given-name",
              "type": "string"
            }
          ]
        },
        {
          "extension": [
            {
              "url": "http://hl7.org/fhir/StructureDefinition/capabilitystatement-expectation",
              "valueCode": "SHALL"
            }
          ],
          "type": "PractitionerRole",
          "supportedProfile": [
            "http://hl7.org/fhir/us/davinci-pdex-NatlDir/StructureDefinition/NatlDir-PractitionerRole"
          ],
          "interaction": [
            {
              "extension": [
                {
                  "url": "http://hl7.org/fhir/StructureDefinition/capabilitystatement-expectation",
                  "valueCode": "SHALL"
                }
              ],
              "code": "search-type"
            },
            {
              "extension": [
                {
                  "url": "http://hl7.org/fhir/StructureDefinition/capabilitystatement-expectation",
                  "valueCode": "SHALL"
                }
              ],
              "code": "read"
            },
            {
              "extension": [
                {
                  "url": "http://hl7.org/fhir/StructureDefinition/capabilitystatement-expectation",
                  "valueCode": "SHOULD"
                }
              ],
              "code": "vread"
            }
          ],
          "referencePolicy": [
            "resolves"
          ],
          "searchInclude": [
            "PractitionerRole:practitioner",
            "PractitionerRole:organization",
            "PractitionerRole:location",
            "PractitionerRole:service",
            "PractitionerRole:network",
            "PractitionerRole:endpoint"
          ],
          "searchParam": [
            {
              "extension": [
                {
                  "url": "http://hl7.org/fhir/StructureDefinition/capabilitystatement-expectation",
                  "valueCode": "SHALL"
                }
              ],
              "name": "practitioner",
              "definition": "http://hl7.org/fhir/us/davinci-pdex-NatlDir/SearchParameter/practitionerrole-practitioner",
              "type": "reference"
            },
            {
              "extension": [
                {
                  "url": "http://hl7.org/fhir/StructureDefinition/capabilitystatement-expectation",
                  "valueCode": "SHALL"
                }
              ],
              "name": "organization",
              "definition": "http://hl7.org/fhir/us/davinci-pdex-NatlDir/SearchParameter/practitionerrole-organization",
              "type": "reference"
            },
            {
              "extension": [
                {
                  "url": "http://hl7.org/fhir/StructureDefinition/capabilitystatement-expectation",
                  "valueCode": "SHALL"
                }
              ],
              "name": "location",
              "definition": "http://hl7.org/fhir/us/davinci-pdex-NatlDir/SearchParameter/practitionerrole-location",
              "type": "reference"
            },
            {
              "extension": [
                {
                  "url": "http://hl7.org/fhir/StructureDefinition/capabilitystatement-expectation",
                  "valueCode": "SHALL"
                }
              ],
              "name": "service",
              "definition": "http://hl7.org/fhir/us/davinci-pdex-NatlDir/SearchParameter/practitionerrole-service",
              "type": "reference"
            },
            {
              "extension": [
                {
                  "url": "http://hl7.org/fhir/StructureDefinition/capabilitystatement-expectation",
                  "valueCode": "SHALL"
                }
              ],
              "name": "network",
              "definition": "http://hl7.org/fhir/us/davinci-pdex-NatlDir/SearchParameter/practitionerrole-network",
              "type": "reference"
            },
            {
              "extension": [
                {
                  "url": "http://hl7.org/fhir/StructureDefinition/capabilitystatement-expectation",
                  "valueCode": "SHALL"
                }
              ],
              "name": "endpoint",
              "definition": "http://hl7.org/fhir/us/davinci-pdex-NatlDir/SearchParameter/practitionerrole-endpoint",
              "type": "reference"
            },
            {
              "extension": [
                {
                  "url": "http://hl7.org/fhir/StructureDefinition/capabilitystatement-expectation",
                  "valueCode": "SHALL"
                }
              ],
              "name": "role",
              "definition": "http://hl7.org/fhir/us/davinci-pdex-NatlDir/SearchParameter/practitionerrole-role",
              "type": "token"
            },
            {
              "extension": [
                {
                  "url": "http://hl7.org/fhir/StructureDefinition/capabilitystatement-expectation",
                  "valueCode": "SHALL"
                }
              ],
              "name": "specialty",
              "definition": "http://hl7.org/fhir/us/davinci-pdex-NatlDir/SearchParameter/practitionerrole-specialty",
              "type": "token"
            },
            {
              "extension": [
                {
                  "url": "http://hl7.org/fhir/StructureDefinition/capabilitystatement-expectation",
                  "valueCode": "SHALL"
                }
              ],
              "name": "_id",
              "definition": "http://hl7.org/fhir/SearchParameter/Resource-id",
              "type": "token"
            },
            {
              "extension": [
                {
                  "url": "http://hl7.org/fhir/StructureDefinition/capabilitystatement-expectation",
                  "valueCode": "SHALL"
                }
              ],
              "name": "_lastUpdated",
              "definition": "http://hl7.org/fhir/SearchParameter/Resource-lastUpdated",
              "type": "date"
            }
          ]
        }
      ]
    }
  ]
}