{
  "resourceType": "CodeSystem",
  "id": "VirtualModalitiesCS",
  "text": {
    "status": "generated",
    "div": "<div xmlns=\"http://www.w3.org/1999/xhtml\"><p>This code system http://hl7.org/fhir/us/national-healthcare-directory/CodeSystem/VirtualModalitiesCS defines the following codes:</p><table class=\"codes\"><tr><td style=\"white-space:nowrap\"><b>Code</b></td><td><b>Display</b></td><td><b>Definition</b></td></tr><tr><td style=\"white-space:nowrap\">phone<a name=\"VirtualModalitiesCS-phone\"> </a></td><td>phone</td><td>Voice Telephone</td></tr><tr><td style=\"white-space:nowrap\">video<a name=\"VirtualModalitiesCS-video\"> </a></td><td>video chat</td><td>Video Chat</td></tr><tr><td style=\"white-space:nowrap\">tdd<a name=\"VirtualModalitiesCS-tdd\"> </a></td><td>TDD</td><td>Telecommunications Device for the Deaf</td></tr><tr><td style=\"white-space:nowrap\">sms<a name=\"VirtualModalitiesCS-sms\"> </a></td><td>SMS</td><td>SMS Text Messaging</td></tr><tr><td style=\"white-space:nowrap\">app<a name=\"VirtualModalitiesCS-app\"> </a></td><td>App</td><td>Mobile Application</td></tr><tr><td style=\"white-space:nowrap\">web<a name=\"VirtualModalitiesCS-web\"> </a></td><td>Website</td><td>Website accessed through browser</td></tr></table></div>"
  },
  "url": "http://hl7.org/fhir/us/national-healthcare-directory/CodeSystem/VirtualModalitiesCS",
  "version": "1.0.0",
  "name": "VirtualModalitiesCS",
  "title": "Virtual Modalities",
  "status": "active",
  "date": "2021-10-29T10:58:57-04:00",
  "publisher": "HL7 Patient Administration Working Group",
  "contact": [
    {
      "name": "HL7 Patient Administration Working Group",
      "telecom": [
        {
          "system": "url",
          "value": "https://www.hl7.org/Special/committees/pafm/index.cfm"
        },
        {
          "system": "email",
          "value": "pafm@lists.HL7.org"
        }
      ]
    }
  ],
  "description": "Categories of virtual service delivery modalities.",
  "jurisdiction": [
    {
      "coding": [
        {
          "system": "urn:iso:std:iso:3166",
          "code": "US"
        }
      ]
    }
  ],
  "content": "complete",
  "count": 6,
  "concept": [
    {
      "code": "phone",
      "display": "phone",
      "definition": "Voice Telephone"
    },
    {
      "code": "video",
      "display": "video chat",
      "definition": "Video Chat"
    },
    {
      "code": "tdd",
      "display": "TDD",
      "definition": "Telecommunications Device for the Deaf"
    },
    {
      "code": "sms",
      "display": "SMS",
      "definition": "SMS Text Messaging"
    },
    {
      "code": "app",
      "display": "App",
      "definition": "Mobile Application"
    },
    {
      "code": "web",
      "display": "Website",
      "definition": "Website accessed through browser"
    }
  ]
}