{
  "resourceType": "OrganizationAffiliation",
  "id": "HartfordOrthopedicAffil",
  "meta": {
    "lastUpdated": "2020-07-07T13:26:22.0314215+00:00",
    "profile": [
      "http://hl7.org/fhir/us/national-healthcare-directory/StructureDefinition/NatlDir-OrganizationAffiliation"
    ]
  },
  "language": "en-US",
  "text": {
    "status": "generated",
    "div": "<div xmlns=\"http://www.w3.org/1999/xhtml\" xml:lang=\"en-US\" lang=\"en-US\"><p><b>Generated Narrative</b></p><p><b>active</b>: true</p><p><b>organization</b>: <a href=\"Organization-Hospital.html\">Generated Summary: language: en-US; id: NPI456; active: true; <span title=\"Codes: {http://hl7.org/fhir/us/national-healthcare-directory/CodeSystem/OrgTypeCS fac}\">Facility</span>; name: Hartford General Hospital; Phone: (111)-222-3333, https://www.hartfordgeneralhos...</a></p><p><b>participatingOrganization</b>: <a href=\"Organization-HartfordOrthopedics.html\">Generated Summary: language: en-US; id: NPI456; active: true; <span title=\"Codes: {http://hl7.org/fhir/us/national-healthcare-directory/CodeSystem/OrgTypeCS prvgrp}\">Provider Group</span>; name: Hartford Orthopedics Services; Phone: (111)-222-3333, https://www.orga.com</a></p><p><b>network</b>: <a href=\"Organization-AcmeofCTStdNet.html\">Generated Summary: language: en-US; active: true; <span title=\"Codes: {http://hl7.org/fhir/us/national-healthcare-directory/CodeSystem/OrgTypeCS ntwk}\">Network</span>; name: ACME CT Preferred Provider Network</a></p><p><b>code</b>: <span title=\"Codes: {http://hl7.org/fhir/organization-role provider}\">Provider</span></p><p><b>location</b>: </p><ul><li><a href=\"Location-HospLoc1.html\">Generated Summary: language: en-US; status: active; name: Hartford Hospital Location 1; <span title=\"Codes: {http://terminology.hl7.org/CodeSystem/v3-RoleCode HOSP}\">Hospital</span>; Phone: (111)-222-3333, https://www.hgh.com</a></li><li><a href=\"Location-HospLoc2.html\">Generated Summary: language: en-US; status: active; name: Hartford Hospital Location 2; <span title=\"Codes: {http://terminology.hl7.org/CodeSystem/v3-RoleCode HOSP}\">Hospital</span>; Phone: (111)-222-3333, https://www.hgh.com</a></li></ul><p><b>healthcareService</b>: <a href=\"HealthcareService-HartfordOrthopedicServices.html\">Generated Summary: language: en-US; active: true; <span title=\"Codes: {http://hl7.org/fhir/us/national-healthcare-directory/CodeSystem/HealthcareServiceCategoryCS prov}\">Medical Provider</span>; <span title=\"Codes: {http://nucc.org/provider-taxonomy 207X00000X}\">Orthopedic Surgery</span></a></p></div>"
  },
  "active": true,
  "organization": {
    "reference": "Organization/Hospital"
  },
  "participatingOrganization": {
    "reference": "Organization/HartfordOrthopedics"
  },
  "network": [
    {
      "reference": "Organization/AcmeofCTStdNet"
    }
  ],
  "code": [
    {
      "coding": [
        {
          "system": "http://hl7.org/fhir/organization-role",
          "code": "provider"
        }
      ]
    }
  ],
  "location": [
    {
      "reference": "Location/HospLoc1"
    },
    {
      "reference": "Location/HospLoc2"
    }
  ],
  "healthcareService": [
    {
      "reference": "HealthcareService/HartfordOrthopedicServices"
    }
  ]
}