{
  "resourceType": "PractitionerRole",
  "id": "CounselorRole1",
  "meta": {
    "lastUpdated": "2020-07-07T13:26:22.0314215+00:00",
    "profile": [
      "http://hl7.org/fhir/us/national-healthcare-directory/StructureDefinition/NatlDir-PractitionerRole"
    ]
  },
  "language": "en-US",
  "text": {
    "status": "extensions",
    "div": "<div xmlns=\"http://www.w3.org/1999/xhtml\" xml:lang=\"en-US\" lang=\"en-US\"><p><b>Generated Narrative</b></p><p><b>Network Reference</b>: <a href=\"Organization-AcmeofCTStdNet.html\">Generated Summary: language: en-US; active: true; <span title=\"Codes: {http://hl7.org/fhir/us/national-healthcare-directory/CodeSystem/OrgTypeCS ntwk}\">Network</span>; name: ACME CT Preferred Provider Network</a></p><p><b>active</b>: true</p><p><b>practitioner</b>: <a href=\"Practitioner-Counselor.html\">Generated Summary: language: en-US; id: NPI3238; active: true; Susie Smith, LPC; <span title=\"Codes: {urn:ietf:bcp:47 ru}\">Russian</span></a></p><p><b>code</b>: <span title=\"Codes: {http://hl7.org/fhir/us/national-healthcare-directory/CodeSystem/ProviderRoleCS co}\">Counselor</span></p><p><b>specialty</b>: <span title=\"Codes: {http://nucc.org/provider-taxonomy 101YP2500X}\">Professional Counselor</span></p><p><b>healthcareService</b>: <a href=\"HealthcareService-VirtualCounselService.html\">Generated Summary: language: en-US; active: true; <span title=\"Codes: {http://hl7.org/fhir/us/national-healthcare-directory/CodeSystem/HealthcareServiceCategoryCS prov}\">Medical Provider</span>; <span title=\"Codes: {http://nucc.org/provider-taxonomy 101YP2500X}\">Professional</span></a></p></div>"
  },
  "extension": [
    {
      "url": "http://hl7.org/fhir/us/national-healthcare-directory/StructureDefinition/network-reference",
      "valueReference": {
        "reference": "Organization/AcmeofCTStdNet"
      }
    }
  ],
  "active": true,
  "practitioner": {
    "reference": "Practitioner/Counselor"
  },
  "code": [
    {
      "coding": [
        {
          "system": "http://hl7.org/fhir/us/national-healthcare-directory/CodeSystem/ProviderRoleCS",
          "code": "co",
          "display": "Counselor"
        }
      ]
    }
  ],
  "specialty": [
    {
      "coding": [
        {
          "system": "http://nucc.org/provider-taxonomy",
          "code": "101YP2500X",
          "display": "Professional Counselor"
        }
      ]
    }
  ],
  "healthcareService": [
    {
      "reference": "HealthcareService/VirtualCounselService"
    }
  ]
}