{
  "resourceType": "PractitionerRole",
  "id": "JoeSmithRole1",
  "meta": {
    "lastUpdated": "2020-07-07T13:26:22.0314215+00:00",
    "profile": [
      "http://hl7.org/fhir/us/national-healthcare-directory/StructureDefinition/NatlDir-PractitionerRole"
    ]
  },
  "language": "en-US",
  "text": {
    "status": "extensions",
    "div": "<div xmlns=\"http://www.w3.org/1999/xhtml\" xml:lang=\"en-US\" lang=\"en-US\"><p><b>Generated Narrative</b></p><p><b>Network Reference</b>: <a href=\"Organization-AcmeofCTStdNet.html\">Generated Summary: language: en-US; active: true; <span title=\"Codes: {http://hl7.org/fhir/us/national-healthcare-directory/CodeSystem/OrgTypeCS ntwk}\">Network</span>; name: ACME CT Preferred Provider Network</a></p><p><b>active</b>: true</p><p><b>practitioner</b>: <a href=\"Practitioner-JoeSmith.html\">Generated Summary: language: en-US; id: NPI323; active: true; Joe Smith, MD</a></p><p><b>organization</b>: <a href=\"Organization-Hospital.html\">Generated Summary: language: en-US; id: NPI456; active: true; <span title=\"Codes: {http://hl7.org/fhir/us/national-healthcare-directory/CodeSystem/OrgTypeCS fac}\">Facility</span>; name: Hartford General Hospital; Phone: (111)-222-3333, https://www.hartfordgeneralhos...</a></p><p><b>code</b>: <span title=\"Codes: {http://hl7.org/fhir/us/national-healthcare-directory/CodeSystem/ProviderRoleCS ph}\">Physician</span></p><p><b>specialty</b>: <span title=\"Codes: {http://nucc.org/provider-taxonomy 207R00000X}\">Internal Medicine</span></p><p><b>location</b>: <a href=\"Location-HospLoc1.html\">Generated Summary: language: en-US; status: active; name: Hartford Hospital Location 1; <span title=\"Codes: {http://terminology.hl7.org/CodeSystem/v3-RoleCode HOSP}\">Hospital</span>; Phone: (111)-222-3333, https://www.hgh.com</a></p><p><b>healthcareService</b>: <a href=\"HealthcareService-HospERService.html\">Generated Summary: language: en-US; active: true; <span title=\"Codes: {http://hl7.org/fhir/us/national-healthcare-directory/CodeSystem/HealthcareServiceCategoryCS emerg}\">Emergency care</span>; <span title=\"Codes: {http://nucc.org/provider-taxonomy 207P00000X}\">Emergency Medicine</span></a></p></div>"
  },
  "extension": [
    {
      "url": "http://hl7.org/fhir/us/national-healthcare-directory/StructureDefinition/network-reference",
      "valueReference": {
        "reference": "Organization/AcmeofCTStdNet"
      }
    }
  ],
  "active": true,
  "practitioner": {
    "reference": "Practitioner/JoeSmith"
  },
  "organization": {
    "reference": "Organization/Hospital"
  },
  "code": [
    {
      "coding": [
        {
          "system": "http://hl7.org/fhir/us/national-healthcare-directory/CodeSystem/ProviderRoleCS",
          "code": "ph"
        }
      ]
    }
  ],
  "specialty": [
    {
      "coding": [
        {
          "system": "http://nucc.org/provider-taxonomy",
          "code": "207R00000X",
          "display": "Internal Medicine"
        }
      ]
    }
  ],
  "location": [
    {
      "reference": "Location/HospLoc1"
    }
  ],
  "healthcareService": [
    {
      "reference": "HealthcareService/HospERService"
    }
  ]
}