{
  "resourceType": "Practitioner",
  "id": "HansSolo",
  "meta": {
    "lastUpdated": "2020-07-07T13:26:22.0314215+00:00",
    "profile": [
      "http://hl7.org/fhir/us/national-healthcare-directory/StructureDefinition/NatlDir-Practitioner"
    ]
  },
  "language": "en-US",
  "text": {
    "status": "extensions",
    "div": "<div xmlns=\"http://www.w3.org/1999/xhtml\" xml:lang=\"en-US\" lang=\"en-US\"><p><b>Generated Narrative</b></p><p><b>Communication Proficiency</b>: <span title=\"Codes: {http://hl7.org/fhir/us/national-healthcare-directory/CodeSystem/LanguageProficiencyCS 30}\">General professional proficiency</span></p><p><b>identifier</b>: id: NPI3233</p><p><b>active</b>: true</p><p><b>name</b>: Hans Solo, MD</p><blockquote><p><b>qualification</b></p><blockquote><p><b>Practitioner Qualification</b></p><p><b>value</b>: active</p><p><b>value</b>: <span title=\"Codes: {https://www.usps.com/ IL}\">Illinois</span></p></blockquote><p><b>code</b>: <span title=\"Codes: {http://terminology.hl7.org/CodeSystem/v2-0360 MD}\">MD</span></p><p><b>issuer</b>: <span>State of Illinois</span></p></blockquote><blockquote><p><b>qualification</b></p><blockquote><p><b>Practitioner Qualification</b></p><p><b>value</b>: active</p><p><b>value</b>: <span title=\"Codes: {https://www.usps.com/ IL}\">Illinois</span></p></blockquote><p><b>code</b>: <span title=\"Codes: {http://nucc.org/provider-taxonomy 207R00000X}\">Board Certified Internal Medicine</span></p><p><b>issuer</b>: <span>American Board of Internal Medicine</span></p></blockquote><blockquote><p><b>qualification</b></p><blockquote><p><b>Practitioner Qualification</b></p><p><b>value</b>: active</p><p><b>value</b>: <span title=\"Codes: {https://www.usps.com/ IL}\">Illinois</span></p></blockquote><p><b>code</b>: <span title=\"Codes: {http://nucc.org/provider-taxonomy 207RC0000X}\">Board Certified Cardiovascular Disease</span></p><p><b>issuer</b>: <span>American Board of Internal Medicine</span></p></blockquote><p><b>communication</b>: <span title=\"Codes: {urn:ietf:bcp:47 ja}\">Japanese</span></p></div>"
  },
  "extension": [
    {
      "url": "http://hl7.org/fhir/us/national-healthcare-directory/StructureDefinition/communication-proficiency",
      "valueCodeableConcept": {
        "coding": [
          {
            "system": "http://hl7.org/fhir/us/national-healthcare-directory/CodeSystem/LanguageProficiencyCS",
            "code": "30"
          }
        ]
      }
    }
  ],
  "identifier": [
    {
      "system": "http://hl7.org/fhir/sid/us-npi",
      "value": "NPI3233"
    }
  ],
  "active": true,
  "name": [
    {
      "text": "Hans Solo, MD",
      "family": "Solo",
      "given": [
        "Hans"
      ]
    }
  ],
  "qualification": [
    {
      "extension": [
        {
          "extension": [
            {
              "url": "status",
              "valueCode": "active"
            },
            {
              "url": "whereValid",
              "valueCodeableConcept": {
                "coding": [
                  {
                    "system": "https://www.usps.com/",
                    "code": "IL"
                  }
                ]
              }
            }
          ],
          "url": "http://hl7.org/fhir/us/national-healthcare-directory/StructureDefinition/practitioner-qualification"
        }
      ],
      "code": {
        "coding": [
          {
            "system": "http://terminology.hl7.org/CodeSystem/v2-0360",
            "code": "MD"
          }
        ],
        "text": "MD"
      },
      "issuer": {
        "display": "State of Illinois"
      }
    },
    {
      "extension": [
        {
          "extension": [
            {
              "url": "status",
              "valueCode": "active"
            },
            {
              "url": "whereValid",
              "valueCodeableConcept": {
                "coding": [
                  {
                    "system": "https://www.usps.com/",
                    "code": "IL"
                  }
                ]
              }
            }
          ],
          "url": "http://hl7.org/fhir/us/national-healthcare-directory/StructureDefinition/practitioner-qualification"
        }
      ],
      "code": {
        "coding": [
          {
            "system": "http://nucc.org/provider-taxonomy",
            "code": "207R00000X",
            "display": "Internal Medicine"
          }
        ],
        "text": "Board Certified Internal Medicine"
      },
      "issuer": {
        "display": "American Board of Internal Medicine"
      }
    },
    {
      "extension": [
        {
          "extension": [
            {
              "url": "status",
              "valueCode": "active"
            },
            {
              "url": "whereValid",
              "valueCodeableConcept": {
                "coding": [
                  {
                    "system": "https://www.usps.com/",
                    "code": "IL"
                  }
                ]
              }
            }
          ],
          "url": "http://hl7.org/fhir/us/national-healthcare-directory/StructureDefinition/practitioner-qualification"
        }
      ],
      "code": {
        "coding": [
          {
            "system": "http://nucc.org/provider-taxonomy",
            "code": "207RC0000X",
            "display": "Cardiovascular Disease"
          }
        ],
        "text": "Board Certified Cardiovascular Disease"
      },
      "issuer": {
        "display": "American Board of Internal Medicine"
      }
    }
  ],
  "communication": [
    {
      "coding": [
        {
          "system": "urn:ietf:bcp:47",
          "code": "ja"
        }
      ]
    }
  ]
}