{
  "resourceType": "SearchParameter",
  "id": "organizationaffiliation-service",
  "text": {
    "status": "generated",
    "div": "<div xmlns=\"http://www.w3.org/1999/xhtml\"><p><b>Generated Narrative</b></p><p><b>url</b>: <code>http://hl7.org/fhir/us/davinci-pdex-NatlDir/SearchParameter/organizationaffiliation-service</code></p><p><b>version</b>: 1.0.0</p><p><b>name</b>: NatlDir_sp_organizationaffiliation_service</p><p><b>derivedFrom</b>: <a href=\"http://hl7.org/fhir/SearchParameter/OrganizationAffiliation-service\">http://hl7.org/fhir/SearchParameter/OrganizationAffiliation-service</a></p><p><b>status</b>: active</p><p><b>date</b>: May 22, 2018, 8:00:00 PM</p><p><b>publisher</b>: HL7 Patient Administration Working Group</p><p><b>contact</b>: HL7 Patient Administration Working Group: <a href=\"https://www.hl7.org/Special/committees/pafm/index.cfm\">https://www.hl7.org/Special/committees/pafm/index.cfm</a>,<a href=\"mailto:pafm@lists.HL7.org\">pafm@lists.HL7.org</a></p><p><b>description</b>: Select OrganizationAffiliations providing the specified service</p><p><b>jurisdiction</b>: <span title=\"Codes: {urn:iso:std:iso:3166 US}\">United States of America</span></p><p><b>code</b>: service</p><p><b>base</b>: OrganizationAffiliation</p><p><b>type</b>: reference</p><p><b>expression</b>: OrganizationAffiliation.healthcareService</p><p><b>target</b>: HealthcareService</p><p><b>multipleOr</b>: true</p><p><b>multipleAnd</b>: true</p><p><b>chain</b>: service-category, organization, location</p></div>"
  },
  "url": "http://hl7.org/fhir/us/davinci-pdex-NatlDir/SearchParameter/organizationaffiliation-service",
  "version": "1.0.0",
  "name": "NatlDir_sp_organizationaffiliation_service",
  "derivedFrom": "http://hl7.org/fhir/SearchParameter/OrganizationAffiliation-service",
  "status": "active",
  "date": "2018-05-23T00:00:00+00:00",
  "publisher": "HL7 Patient Administration Working Group",
  "contact": [
    {
      "name": "HL7 Patient Administration Working Group",
      "telecom": [
        {
          "system": "url",
          "value": "https://www.hl7.org/Special/committees/pafm/index.cfm"
        },
        {
          "system": "email",
          "value": "pafm@lists.HL7.org"
        }
      ]
    }
  ],
  "description": "Select OrganizationAffiliations providing the specified service",
  "jurisdiction": [
    {
      "coding": [
        {
          "system": "urn:iso:std:iso:3166",
          "code": "US"
        }
      ]
    }
  ],
  "code": "service",
  "base": [
    "OrganizationAffiliation"
  ],
  "type": "reference",
  "expression": "OrganizationAffiliation.healthcareService",
  "target": [
    "HealthcareService"
  ],
  "multipleOr": true,
  "multipleAnd": true,
  "chain": [
    "service-category",
    "organization",
    "location"
  ]
}