{
  "resourceType": "SearchParameter",
  "id": "organizationaffiliation-location",
  "text": {
    "status": "generated",
    "div": "<div xmlns=\"http://www.w3.org/1999/xhtml\"><p><b>Generated Narrative</b></p><p><b>url</b>: <code>http://hl7.org/fhir/us/davinci-pdex-NatlDir/SearchParameter/organizationaffiliation-location</code></p><p><b>version</b>: 1.0.0</p><p><b>name</b>: NatlDir_sp_organizationaffiliation_location</p><p><b>derivedFrom</b>: <a href=\"http://hl7.org/fhir/SearchParameter/OrganizationAffiliation-location\">http://hl7.org/fhir/SearchParameter/OrganizationAffiliation-location</a></p><p><b>status</b>: active</p><p><b>date</b>: May 22, 2018, 8:00:00 PM</p><p><b>publisher</b>: HL7 Patient Administration Working Group</p><p><b>contact</b>: HL7 Patient Administration Working Group: <a href=\"https://www.hl7.org/Special/committees/pafm/index.cfm\">https://www.hl7.org/Special/committees/pafm/index.cfm</a>,<a href=\"mailto:pafm@lists.HL7.org\">pafm@lists.HL7.org</a></p><p><b>description</b>: Select OrganizationAffiliations available at the specified location</p><p><b>jurisdiction</b>: <span title=\"Codes: {urn:iso:std:iso:3166 US}\">United States of America</span></p><p><b>code</b>: location</p><p><b>base</b>: OrganizationAffiliation</p><p><b>type</b>: reference</p><p><b>expression</b>: OrganizationAffiliation.location</p><p><b>target</b>: Location</p><p><b>multipleOr</b>: true</p><p><b>multipleAnd</b>: true</p><p><b>chain</b>: address, address-postalcode, address-city, address-state, organization, type</p></div>"
  },
  "url": "http://hl7.org/fhir/us/davinci-pdex-NatlDir/SearchParameter/organizationaffiliation-location",
  "version": "1.0.0",
  "name": "NatlDir_sp_organizationaffiliation_location",
  "derivedFrom": "http://hl7.org/fhir/SearchParameter/OrganizationAffiliation-location",
  "status": "active",
  "date": "2018-05-23T00:00:00+00:00",
  "publisher": "HL7 Patient Administration Working Group",
  "contact": [
    {
      "name": "HL7 Patient Administration Working Group",
      "telecom": [
        {
          "system": "url",
          "value": "https://www.hl7.org/Special/committees/pafm/index.cfm"
        },
        {
          "system": "email",
          "value": "pafm@lists.HL7.org"
        }
      ]
    }
  ],
  "description": "Select OrganizationAffiliations available at the specified location",
  "jurisdiction": [
    {
      "coding": [
        {
          "system": "urn:iso:std:iso:3166",
          "code": "US"
        }
      ]
    }
  ],
  "code": "location",
  "base": [
    "OrganizationAffiliation"
  ],
  "type": "reference",
  "expression": "OrganizationAffiliation.location",
  "target": [
    "Location"
  ],
  "multipleOr": true,
  "multipleAnd": true,
  "chain": [
    "address",
    "address-postalcode",
    "address-city",
    "address-state",
    "organization",
    "type"
  ]
}