{
  "resourceType": "SearchParameter",
  "id": "healthcareservice-service-category",
  "text": {
    "status": "generated",
    "div": "<div xmlns=\"http://www.w3.org/1999/xhtml\"><p><b>Generated Narrative</b></p><p><b>url</b>: <code>http://hl7.org/fhir/us/davinci-pdex-NatlDir/SearchParameter/healthcareservice-service-category</code></p><p><b>version</b>: 1.0.0</p><p><b>name</b>: NatlDir_sp_healthcareservice_category</p><p><b>derivedFrom</b>: <a href=\"http://hl7.org/fhir/SearchParameter/HealthcareService-service-category\">http://hl7.org/fhir/SearchParameter/HealthcareService-service-category</a></p><p><b>status</b>: active</p><p><b>date</b>: May 22, 2018, 8:00:00 PM</p><p><b>publisher</b>: HL7 Patient Administration Working Group</p><p><b>contact</b>: HL7 Patient Administration Working Group: <a href=\"https://www.hl7.org/Special/committees/pafm/index.cfm\">https://www.hl7.org/Special/committees/pafm/index.cfm</a>,<a href=\"mailto:pafm@lists.HL7.org\">pafm@lists.HL7.org</a></p><p><b>description</b>: Select HealthcareServices providing the specified category of services</p><p><b>jurisdiction</b>: <span title=\"Codes: {urn:iso:std:iso:3166 US}\">United States of America</span></p><p><b>code</b>: service-category</p><p><b>base</b>: HealthcareService</p><p><b>type</b>: token</p><p><b>expression</b>: HealthcareService.category</p><p><b>multipleOr</b>: true</p><p><b>multipleAnd</b>: true</p><p><b>modifier</b>: text</p></div>"
  },
  "url": "http://hl7.org/fhir/us/davinci-pdex-NatlDir/SearchParameter/healthcareservice-service-category",
  "version": "1.0.0",
  "name": "NatlDir_sp_healthcareservice_category",
  "derivedFrom": "http://hl7.org/fhir/SearchParameter/HealthcareService-service-category",
  "status": "active",
  "date": "2018-05-23T00:00:00+00:00",
  "publisher": "HL7 Patient Administration Working Group",
  "contact": [
    {
      "name": "HL7 Patient Administration Working Group",
      "telecom": [
        {
          "system": "url",
          "value": "https://www.hl7.org/Special/committees/pafm/index.cfm"
        },
        {
          "system": "email",
          "value": "pafm@lists.HL7.org"
        }
      ]
    }
  ],
  "description": "Select HealthcareServices providing the specified category of services",
  "jurisdiction": [
    {
      "coding": [
        {
          "system": "urn:iso:std:iso:3166",
          "code": "US"
        }
      ]
    }
  ],
  "code": "service-category",
  "base": [
    "HealthcareService"
  ],
  "type": "token",
  "expression": "HealthcareService.category",
  "multipleOr": true,
  "multipleAnd": true,
  "modifier": [
    "text"
  ]
}