{
  "resourceType": "SearchParameter",
  "id": "organization-address",
  "text": {
    "status": "generated",
    "div": "<div xmlns=\"http://www.w3.org/1999/xhtml\"><p><b>Generated Narrative</b></p><p><b>url</b>: <code>http://hl7.org/fhir/us/davinci-pdex-NatlDir/SearchParameter/organization-address</code></p><p><b>version</b>: 1.0.0</p><p><b>name</b>: NatlDir_sp_organization_address</p><p><b>derivedFrom</b>: <a href=\"http://hl7.org/fhir/SearchParameter/Organization-address\">http://hl7.org/fhir/SearchParameter/Organization-address</a></p><p><b>status</b>: active</p><p><b>date</b>: May 22, 2018, 8:00:00 PM</p><p><b>publisher</b>: HL7 Patient Administration Working Group</p><p><b>contact</b>: HL7 Patient Administration Working Group: <a href=\"https://www.hl7.org/Special/committees/pafm/index.cfm\">https://www.hl7.org/Special/committees/pafm/index.cfm</a>,<a href=\"mailto:pafm@lists.HL7.org\">pafm@lists.HL7.org</a></p><p><b>description</b>: Select organizations with the specified address (matches any of the string elements of an address)</p><p><b>jurisdiction</b>: <span title=\"Codes: {urn:iso:std:iso:3166 US}\">United States of America</span></p><p><b>code</b>: address</p><p><b>base</b>: Organization</p><p><b>type</b>: string</p><p><b>expression</b>: Organization.address</p><p><b>multipleOr</b>: true</p><p><b>multipleAnd</b>: true</p><p><b>modifier</b>: exact, contains</p></div>"
  },
  "url": "http://hl7.org/fhir/us/davinci-pdex-NatlDir/SearchParameter/organization-address",
  "version": "1.0.0",
  "name": "NatlDir_sp_organization_address",
  "derivedFrom": "http://hl7.org/fhir/SearchParameter/Organization-address",
  "status": "active",
  "date": "2018-05-23T00:00:00+00:00",
  "publisher": "HL7 Patient Administration Working Group",
  "contact": [
    {
      "name": "HL7 Patient Administration Working Group",
      "telecom": [
        {
          "system": "url",
          "value": "https://www.hl7.org/Special/committees/pafm/index.cfm"
        },
        {
          "system": "email",
          "value": "pafm@lists.HL7.org"
        }
      ]
    }
  ],
  "description": "Select organizations with the specified address (matches any of the string elements of an address)",
  "jurisdiction": [
    {
      "coding": [
        {
          "system": "urn:iso:std:iso:3166",
          "code": "US"
        }
      ]
    }
  ],
  "code": "address",
  "base": [
    "Organization"
  ],
  "type": "string",
  "expression": "Organization.address",
  "multipleOr": true,
  "multipleAnd": true,
  "modifier": [
    "exact",
    "contains"
  ]
}