{
  "resourceType": "ValueSet",
  "id": "AccessibilityVS",
  "text": {
    "status": "generated",
    "div": "<div xmlns=\"http://www.w3.org/1999/xhtml\"><ul><li>Include all codes defined in <a href=\"CodeSystem-AccessibilityCS.html\"><code>http://hl7.org/fhir/us/national-healthcare-directory/CodeSystem/AccessibilityCS</code></a></li></ul></div>"
  },
  "url": "http://hl7.org/fhir/us/national-healthcare-directory/ValueSet/AccessibilityVS",
  "version": "1.0.0",
  "name": "AccessibilityVS",
  "title": "Accessibility",
  "status": "active",
  "date": "2021-10-21T11:12:19-04:00",
  "publisher": "HL7 Patient Administration Working Group",
  "contact": [
    {
      "name": "HL7 Patient Administration Working Group",
      "telecom": [
        {
          "system": "url",
          "value": "https://www.hl7.org/Special/committees/pafm/index.cfm"
        },
        {
          "system": "email",
          "value": "pafm@lists.HL7.org"
        }
      ]
    }
  ],
  "description": "Codes for documenting general categories of accommodations available.",
  "jurisdiction": [
    {
      "coding": [
        {
          "system": "urn:iso:std:iso:3166",
          "code": "US"
        }
      ]
    }
  ],
  "compose": {
    "include": [
      {
        "system": "http://hl7.org/fhir/us/national-healthcare-directory/CodeSystem/AccessibilityCS"
      }
    ]
  }
}