{
  "resourceType": "ValueSet",
  "id": "SpecialtyAndDegreeLicenseCertificateVS",
  "text": {
    "status": "generated",
    "div": "<div xmlns=\"http://www.w3.org/1999/xhtml\"><p>This value set includes codes based on the following rules:</p><ul><li>Import all the codes that are contained in <a href=\"ValueSet-SpecialtiesVS.html\">http://hl7.org/fhir/us/national-healthcare-directory/ValueSet/SpecialtiesVS</a></li><li>Include all codes defined in <a href=\"http://terminology.hl7.org/2.1.0/CodeSystem-v2-0360.html\"><code>http://terminology.hl7.org/CodeSystem/v2-0360</code></a></li></ul></div>"
  },
  "url": "http://hl7.org/fhir/us/national-healthcare-directory/ValueSet/SpecialtyAndDegreeLicenseCertificateVS",
  "version": "0.0.1",
  "name": "SpecialtyAndDegreeLicenseCertificateVS",
  "title": "Specialties, Degrees, Licenses, and Certificates",
  "status": "active",
  "date": "2021-11-17T10:46:00-05:00",
  "publisher": "HL7 Patient Administration Working Group",
  "contact": [
    {
      "name": "HL7 Patient Administration Working Group",
      "telecom": [
        {
          "system": "url",
          "value": "https://www.hl7.org/Special/committees/pafm/index.cfm"
        },
        {
          "system": "email",
          "value": "pafm@lists.HL7.org"
        }
      ]
    }
  ],
  "description": "Specialties and Degree License and Certificates",
  "jurisdiction": [
    {
      "coding": [
        {
          "system": "urn:iso:std:iso:3166",
          "code": "US"
        }
      ]
    }
  ],
  "compose": {
    "include": [
      {
        "valueSet": [
          "http://hl7.org/fhir/us/national-healthcare-directory/ValueSet/SpecialtiesVS"
        ]
      },
      {
        "system": "http://terminology.hl7.org/CodeSystem/v2-0360"
      }
    ]
  }
}